Time	Waarde	Status	Kwaliteit	Reason	Status	Suppression Type
23-9-2025 8:15:54.837	1	Normal	Goed	Huidige Data	Valid; Time Substituted	None
17-9-2025 14:25:18.831	1	Normal	Goed	Huidige Data	Valid; Time Substituted	None
17-9-2025 12:16:29.114	1	Normal	Goed	Huidige Data	Valid	None
17-9-2025 12:15:59.914	2	Normal	Goed	Huidige Data	Valid	None
17-9-2025 12:15:18.914	4	Normal	Goed	Huidige Data	Valid	None
17-9-2025 12:15:16.264	3	Normal	Goed	Huidige Data	Valid	None
10-9-2025 14:25:18.748	1	Normal	Goed	Huidige Data	Valid; Time Substituted	None
10-9-2025 11:40:55.175	1	Normal	Goed	Huidige Data	Valid	None
10-9-2025 11:14:34.625	5	Normal	Goed	Huidige Data	Valid	None
10-9-2025 11:12:35.425	4	Normal	Goed	Huidige Data	Valid	None
10-9-2025 11:12:31.925	3	Normal	Goed	Huidige Data	Valid	None
10-9-2025 11:09:47.775	1	Normal	Goed	Huidige Data	Valid	None
10-9-2025 10:38:29.075	5	Normal	Goed	Huidige Data	Valid	None
9-9-2025 14:25:19.083	1	Normal	Goed	Huidige Data	Valid; Time Substituted	None
9-9-2025 11:10:59.762	1	Normal	Goed	Huidige Data	Valid	None
9-9-2025 10:34:44.212	5	Normal	Goed	Huidige Data	Valid	None
9-9-2025 10:32:44.512	4	Normal	Goed	Huidige Data	Valid	None
9-9-2025 10:32:44.112	3	Normal	Goed	Huidige Data	Valid	None
9-9-2025 10:31:54.212	1	Normal	Goed	Huidige Data	Valid	None
9-9-2025 10:31:39.312	3	Normal	Goed	Huidige Data	Valid	None
13-8-2025 7:44:24.174	1	Normal	Goed	Huidige Data	Valid; Time Substituted	None
13-8-2025 7:28:20.788	1	Normal	Goed	Huidige Data	Valid; Time Substituted	None
7-7-2025 7:02:07.627	1	Normal	Goed	Huidige Data	Valid; Time Substituted	None
7-7-2025 6:47:14.653	1	Normal	Goed	Huidige Data	Valid; Time Substituted	None
2-7-2025 16:53:43.114	1	Normal	Goed	Huidige Data	Valid; Time Substituted	None
2-7-2025 14:51:39.319	1	Normal	Goed	Huidige Data	Valid; Time Substituted	None
5-6-2025 14:25:18.900	1	Normal	Goed	Huidige Data	Valid; Time Substituted	None
5-6-2025 9:06:35.455	1	Normal	Goed	Huidige Data	Valid	None
5-6-2025 9:06:21.605	5	Normal	Goed	Huidige Data	Valid	None
5-6-2025 9:06:10.306	2	Normal	Goed	Huidige Data	Valid	None
5-6-2025 9:04:22.205	4	Normal	Goed	Huidige Data	Valid	None
5-6-2025 9:04:18.405	3	Normal	Goed	Huidige Data	Valid	None
5-6-2025 6:57:12.355	5	Normal	Goed	Huidige Data	Valid	None
28-5-2025 7:27:46.431	1	Normal	Goed	Huidige Data	Valid; Time Substituted	None
28-5-2025 7:14:14.592	1	Normal	Goed	Huidige Data	Valid; Time Substituted	None
20-5-2025 14:25:18.641	1	Normal	Goed	Huidige Data	Valid; Time Substituted	None
20-5-2025 10:39:12.953	1	Normal	Goed	Huidige Data	Valid	None
20-5-2025 9:14:33.503	5	Normal	Goed	Huidige Data	Valid	None
20-5-2025 9:12:33.903	4	Normal	Goed	Huidige Data	Valid	None
20-5-2025 9:12:25.253	3	Normal	Goed	Huidige Data	Valid	None
31-3-2025 9:22:36.154	1	Normal	Goed	Huidige Data	Valid; Time Substituted	None
31-3-2025 9:08:52.918	1	Normal	Goed	Huidige Data	Valid; Time Substituted	None
20-2-2025 22:12:54.352	1	Normal	Goed	Huidige Data	Valid; Time Substituted	None
20-2-2025 18:55:52.031	1	Normal	Goed	Huidige Data	Valid; Time Substituted	None
8-1-2025 1:25:19.084	1	Normal	Goed	Huidige Data	Valid; Time Substituted	None
7-1-2025 21:03:21.344	1	Normal	Goed	Huidige Data	Valid	None
7-1-2025 13:25:18.931	2	Normal	Goed	Huidige Data	Valid; Time Substituted	None
7-1-2025 9:06:09.474	2	Normal	Goed	Huidige Data	Valid	None
7-1-2025 8:58:38.574	1	Normal	Goed	Huidige Data	Valid	None
7-1-2025 1:25:19.479	2	Normal	Goed	Huidige Data	Valid; Time Substituted	None
6-1-2025 22:25:51.342	2	Normal	Goed	Huidige Data	Valid	None
16-12-2024 8:49:42.303	1	Normal	Goed	Huidige Data	Valid; Time Substituted	None
16-12-2024 8:35:13.684	1	Normal	Goed	Huidige Data	Valid; Time Substituted	None
7-12-2024 1:25:18.992	1	Normal	Goed	Huidige Data	Valid; Time Substituted	None
6-12-2024 13:45:05.253	1	Normal	Goed	Huidige Data	Valid	None
6-12-2024 13:25:18.942	2	Normal	Goed	Huidige Data	Valid; Time Substituted	None
6-12-2024 11:45:07.353	2	Normal	Goed	Huidige Data	Valid	None
6-12-2024 9:37:48.853	1	Normal	Goed	Huidige Data	Valid	None
6-12-2024 5:43:04.353	2	Normal	Goed	Huidige Data	Valid	None
6-11-2024 1:25:19.593	1	Normal	Goed	Huidige Data	Valid; Time Substituted	None
5-11-2024 14:19:54.236	1	Normal	Goed	Huidige Data	Valid	None
5-11-2024 14:00:22.186	5	Normal	Goed	Huidige Data	Valid	None
5-11-2024 13:58:22.136	4	Normal	Goed	Huidige Data	Valid	None
5-11-2024 13:58:20.036	3	Normal	Goed	Huidige Data	Valid	None
21-10-2024 9:12:23.221	1	Normal	Goed	Huidige Data	Valid; Time Substituted	None
21-10-2024 8:56:43.521	1	Normal	Goed	Huidige Data	Valid; Time Substituted	None
15-10-2024 14:25:18.674	1	Normal	Goed	Huidige Data	Valid; Time Substituted	None
15-10-2024 13:40:50.778	1	Normal	Goed	Huidige Data	Valid	None
15-10-2024 13:35:28.727	5	Normal	Goed	Huidige Data	Valid	None
15-10-2024 13:33:29.477	4	Normal	Goed	Huidige Data	Valid	None
15-10-2024 13:33:25.927	3	Normal	Goed	Huidige Data	Valid	None
10-10-2024 2:25:18.851	1	Normal	Goed	Huidige Data	Valid; Time Substituted	None
9-10-2024 15:12:16.639	1	Normal	Goed	Huidige Data	Valid	None
9-10-2024 15:11:43.539	5	Normal	Goed	Huidige Data	Valid	None
9-10-2024 15:09:41.739	4	Normal	Goed	Huidige Data	Valid	None
9-10-2024 15:09:38.589	3	Normal	Goed	Huidige Data	Valid	None
24-9-2024 14:25:18.729	1	Normal	Goed	Huidige Data	Valid; Time Substituted	None
24-9-2024 10:25:08.013	1	Normal	Goed	Huidige Data	Valid	None
24-9-2024 8:40:51.813	3	Normal	Goed	Huidige Data	Valid	None
5-9-2024 7:37:07.656	1	Normal	Goed	Huidige Data	Valid; Time Substituted	None
5-9-2024 7:22:41.943	1	Normal	Goed	Huidige Data	Valid; Time Substituted	None
15-7-2024 7:41:11.405	1	Normal	Goed	Huidige Data	Valid; Time Substituted	None
15-7-2024 7:29:20.496	1	Normal	Goed	Huidige Data	Valid; Time Substituted	None
10-7-2024 2:25:18.721	1	Normal	Goed	Huidige Data	Valid; Time Substituted	None
9-7-2024 15:20:23.440	1	Normal	Goed	Huidige Data	Valid	None
2-7-2024 14:25:19.133	5	Normal	Goed	Huidige Data	Valid; Time Substituted	None
2-7-2024 9:50:21.896	5	Normal	Goed	Huidige Data	Valid	None
18-6-2024 18:33:24.426	1	Normal	Goed	Huidige Data	Valid; Time Substituted	None
18-6-2024 14:46:30.845	1	Normal	Goed	Huidige Data	Valid; Time Substituted	None
18-6-2024 14:23:32.998	1	Normal	Goed	Huidige Data	Valid; Time Substituted	None
13-6-2024 11:38:46.545	1	Normal	Goed	Huidige Data	Valid; Time Substituted	None
13-6-2024 11:24:25.230	1	Normal	Goed	Huidige Data	Valid; Time Substituted	None
10-6-2024 15:07:24.004	1	Normal	Goed	Huidige Data	Valid; Time Substituted	None
10-6-2024 13:30:32.035	1	Normal	Goed	Huidige Data	Valid; Time Substituted	None
29-5-2024 16:34:09.212	1	Normal	Goed	Huidige Data	Valid; Time Substituted	None
21-5-2024 10:22:02.486	1	Normal	Goed	Huidige Data	Valid; Time Substituted	None
21-5-2024 10:01:52.500	1	Normal	Goed	Huidige Data	Valid; Time Substituted	None
17-5-2024 2:25:19.081	1	Normal	Goed	Huidige Data	Valid; Time Substituted	None
16-5-2024 15:06:57.869	1	Normal	Goed	Huidige Data	Valid	None
16-5-2024 14:25:18.969	5	Normal	Goed	Huidige Data	Valid; Time Substituted	None
16-5-2024 6:46:54.969	5	Normal	Goed	Huidige Data	Valid	None
29-4-2024 9:56:50.362	1	Normal	Goed	Huidige Data	Valid; Time Substituted	None
29-4-2024 9:45:57.519	1	Normal	Goed	Huidige Data	Valid; Time Substituted	None
9-4-2024 14:25:18.710	1	Normal	Goed	Huidige Data	Valid; Time Substituted	None
9-4-2024 13:14:36.566	1	Normal	Goed	Huidige Data	Valid	None
9-4-2024 12:00:13.866	3	Normal	Goed	Huidige Data	Valid	None
30-3-2024 1:25:18.766	1	Normal	Goed	Huidige Data	Valid; Time Substituted	None
29-3-2024 13:27:08.010	1	Normal	Goed	Huidige Data	Valid	None
29-3-2024 13:26:32.560	2	Normal	Goed	Huidige Data	Valid	None
29-3-2024 13:25:22.860	4	Normal	Goed	Huidige Data	Valid	None
29-3-2024 13:25:19.110	3	Normal	Goed	Huidige Data	Valid	None
12-3-2024 1:25:18.660	1	Normal	Goed	Huidige Data	Valid; Time Substituted	None
11-3-2024 18:11:36.310	1	Normal	Goed	Huidige Data	Valid	None
11-3-2024 18:11:02.059	2	Normal	Goed	Huidige Data	Valid	None
8-3-2024 13:25:18.722	1	Normal	Goed	Huidige Data	Valid; Time Substituted	None
8-3-2024 7:02:15.452	1	Normal	Goed	Huidige Data	Valid	None
8-3-2024 1:25:19.106	5	Normal	Goed	Huidige Data	Valid; Time Substituted	None
7-3-2024 19:22:08.667	5	Normal	Goed	Huidige Data	Valid	None
2-3-2024 1:25:19.045	1	Normal	Goed	Huidige Data	Valid; Time Substituted	None
1-3-2024 18:09:54.447	1	Normal	Goed	Huidige Data	Valid	None
29-2-2024 13:25:18.848	2	Normal	Goed	Huidige Data	Valid; Time Substituted	None
29-2-2024 9:57:53.864	2	Normal	Goed	Huidige Data	Valid	None
29-2-2024 8:00:03.765	1	Normal	Goed	Huidige Data	Valid	None
29-2-2024 1:53:26.313	2	Normal	Goed	Huidige Data	Valid	None
29-2-2024 1:25:18.781	1	Normal	Goed	Huidige Data	Valid; Time Substituted	None
28-2-2024 23:54:18.263	1	Normal	Goed	Huidige Data	Valid	None
28-2-2024 17:50:37.566	2	Normal	Goed	Huidige Data	Valid	None
28-2-2024 15:50:59.416	1	Normal	Goed	Huidige Data	Valid	None
28-2-2024 13:25:18.763	2	Normal	Goed	Huidige Data	Valid; Time Substituted	None
28-2-2024 8:08:19.482	2	Normal	Goed	Huidige Data	Valid	None
28-2-2024 6:17:02.382	1	Normal	Goed	Huidige Data	Valid	None
27-2-2024 1:25:19.038	2	Normal	Goed	Huidige Data	Valid; Time Substituted	None
26-2-2024 16:35:30.513	2	Normal	Goed	Huidige Data	Valid	None
26-2-2024 15:27:35.569	1	Normal	Goed	Huidige Data	Valid	None
26-2-2024 14:22:12.269	5	Normal	Goed	Huidige Data	Valid	None
26-2-2024 14:20:12.169	4	Normal	Goed	Huidige Data	Valid	None
26-2-2024 14:20:04.869	3	Normal	Goed	Huidige Data	Valid	None
25-2-2024 13:25:18.791	1	Normal	Goed	Huidige Data	Valid; Time Substituted	None
25-2-2024 6:26:45.934	1	Normal	Goed	Huidige Data	Valid	None
25-2-2024 1:25:18.788	2	Normal	Goed	Huidige Data	Valid; Time Substituted	None
24-2-2024 14:01:55.815	2	Normal	Goed	Huidige Data	Valid	None
21-2-2024 7:36:58.069	1	Normal	Goed	Huidige Data	Valid; Time Substituted	None
21-2-2024 7:23:50.113	1	Normal	Goed	Huidige Data	Valid; Time Substituted	None
16-2-2024 1:25:18.803	1	Normal	Goed	Huidige Data	Valid; Time Substituted	None
16-2-2024 0:37:50.970	1	Normal	Goed	Huidige Data	Valid	None
10-2-2024 13:25:18.718	2	Normal	Goed	Huidige Data	Valid; Time Substituted	None
10-2-2024 9:01:12.916	2	Normal	Goed	Huidige Data	Valid	None
10-2-2024 9:01:12.466	1	Normal	Goed	Huidige Data	Valid	None
10-2-2024 9:00:43.504	5	Normal	Goed	Huidige Data	Valid; Time Substituted	None
10-2-2024 8:54:42.716	5	Normal	Goed	Huidige Data	Valid	None
10-2-2024 4:49:55.666	1	Normal	Goed	Huidige Data	Valid	None
9-2-2024 13:25:18.740	2	Normal	Goed	Huidige Data	Valid; Time Substituted	None
9-2-2024 3:08:07.808	2	Normal	Goed	Huidige Data	Valid	None
8-2-2024 1:25:19.094	1	Normal	Goed	Huidige Data	Valid; Time Substituted	None
7-2-2024 18:28:35.472	1	Normal	Goed	Huidige Data	Valid	None
7-2-2024 13:25:18.649	2	Normal	Goed	Huidige Data	Valid; Time Substituted	None
7-2-2024 5:21:56.647	2	Normal	Goed	Huidige Data	Valid	None
27-1-2024 16:48:59.909	1	Normal	Goed	Huidige Data	Valid; Time Substituted	None
15-1-2024 11:27:35.355	1	Normal	Goed	Huidige Data	Valid; Time Substituted	None
15-1-2024 11:15:23.085	1	Normal	Goed	Huidige Data	Valid; Time Substituted	None
11-1-2024 11:26:02.266	1	Normal	Goed	Huidige Data	Valid; Time Substituted	None
11-1-2024 10:36:09.955	1	Normal	Goed	Huidige Data	Valid; Time Substituted	None
11-1-2024 10:00:42.899	1	Normal	Goed	Huidige Data	Valid	None
11-1-2024 10:00:38.199	3	Normal	Goed	Huidige Data	Valid	None
10-1-2024 1:25:19.293	1	Normal	Goed	Huidige Data	Valid; Time Substituted	None
10-1-2024 0:32:07.344	1	Normal	Goed	Huidige Data	Valid	None
2-1-2024 13:25:19.006	2	Normal	Goed	Huidige Data	Valid; Time Substituted	None
2-1-2024 7:34:56.439	2	Normal	Goed	Huidige Data	Valid	None
31-12-2023 13:25:19.165	1	Normal	Goed	Huidige Data	Valid; Time Substituted	None
31-12-2023 11:35:03.290	1	Normal	Goed	Huidige Data	Valid	None
28-12-2023 1:25:18.970	2	Normal	Goed	Huidige Data	Valid; Time Substituted	None
27-12-2023 13:52:02.468	2	Normal	Goed	Huidige Data	Valid	None
27-12-2023 13:25:52.918	1	Normal	Goed	Huidige Data	Valid	None
27-12-2023 13:25:18.900	2	Normal	Goed	Huidige Data	Valid; Time Substituted	None
27-12-2023 12:46:35.568	2	Normal	Goed	Huidige Data	Valid	None
27-12-2023 12:08:22.919	1	Normal	Goed	Huidige Data	Valid	None
27-12-2023 11:29:11.518	2	Normal	Goed	Huidige Data	Valid	None
27-12-2023 11:01:11.793	1	Normal	Goed	Huidige Data	Valid; Time Substituted	None
27-12-2023 10:50:34.886	1	Normal	Goed	Huidige Data	Valid; Time Substituted	None
27-12-2023 10:49:55.135	1	Normal	Goed	Huidige Data	Valid	None
26-12-2023 15:41:44.744	2	Normal	Goed	Huidige Data	Valid; Time Substituted	None
23-12-2023 13:25:18.990	2	Normal	Goed	Huidige Data	Valid; Time Substituted	None
23-12-2023 9:41:41.149	2	Normal	Goed	Huidige Data	Valid	None
23-12-2023 9:36:54.349	1	Normal	Goed	Huidige Data	Valid	None
23-12-2023 9:17:14.649	2	Normal	Goed	Huidige Data	Valid	None
23-12-2023 1:25:19.089	1	Normal	Goed	Huidige Data	Valid; Time Substituted	None
22-12-2023 13:45:27.598	1	Normal	Goed	Huidige Data	Valid	None
22-12-2023 10:41:28.520	2	Normal	Goed	Huidige Data	Valid; Time Substituted	None
22-12-2023 7:43:03.498	2	Normal	Goed	Huidige Data	Valid	None
22-12-2023 7:42:48.148	1	Normal	Goed	Huidige Data	Valid	None
22-12-2023 7:28:31.698	2	Normal	Goed	Huidige Data	Valid	None
22-12-2023 5:16:49.698	1	Normal	Goed	Huidige Data	Valid	None
22-12-2023 1:25:19.251	2	Normal	Goed	Huidige Data	Valid; Time Substituted	None
21-12-2023 21:27:20.070	2	Normal	Goed	Huidige Data	Valid	None
5-12-2023 13:25:19.097	1	Normal	Goed	Huidige Data	Valid; Time Substituted	None
5-12-2023 11:27:37.778	1	Normal	Goed	Huidige Data	Valid	None
5-12-2023 11:27:34.728	3	Normal	Goed	Huidige Data	Valid	None
5-12-2023 11:27:33.528	1	Normal	Goed	Huidige Data	Valid	None
5-12-2023 9:05:21.128	3	Normal	Goed	Huidige Data	Valid	None
4-12-2023 9:25:51.594	1	Normal	Goed	Huidige Data	Valid; Time Substituted	None
4-12-2023 9:14:27.783	1	Normal	Goed	Huidige Data	Valid; Time Substituted	None
29-11-2023 20:16:34.803	1	Normal	Goed	Huidige Data	Valid; Time Substituted	None
29-11-2023 15:44:25.520	1	Normal	Goed	Huidige Data	Valid	None
29-11-2023 13:25:18.874	2	Normal	Goed	Huidige Data	Valid; Time Substituted	None
29-11-2023 9:32:39.558	2	Normal	Goed	Huidige Data	Valid	None
29-11-2023 1:25:18.945	1	Normal	Goed	Huidige Data	Valid; Time Substituted	None
28-11-2023 16:57:29.549	1	Normal	Goed	Huidige Data	Valid	None
28-11-2023 13:25:19.246	2	Normal	Goed	Huidige Data	Valid; Time Substituted	None
28-11-2023 13:13:44.563	2	Normal	Goed	Huidige Data	Valid	None
28-11-2023 9:17:57.563	1	Normal	Goed	Huidige Data	Valid	None
28-11-2023 1:25:18.878	2	Normal	Goed	Huidige Data	Valid; Time Substituted	None
27-11-2023 22:46:39.262	2	Normal	Goed	Huidige Data	Valid	None
17-11-2023 0:03:33.499	1	Normal	Goed	Huidige Data	Valid; Time Substituted	None
16-11-2023 20:06:46.410	1	Normal	Goed	Huidige Data	Valid	None
16-11-2023 13:25:19.249	2	Normal	Goed	Huidige Data	Valid; Time Substituted	None
16-11-2023 6:00:09.658	2	Normal	Goed	Huidige Data	Valid	None
16-11-2023 1:25:19.236	1	Normal	Goed	Huidige Data	Valid; Time Substituted	None
15-11-2023 14:10:37.312	1	Normal	Goed	Huidige Data	Valid	None
15-11-2023 13:55:43.912	2	Normal	Goed	Huidige Data	Valid	None
29-10-2023 21:52:28.526	1	Normal	Goed	Huidige Data	Valid; Time Substituted	None
28-10-2023 2:25:19.092	1	Normal	Goed	Huidige Data	Valid; Time Substituted	None
27-10-2023 22:41:22.459	1	Normal	Goed	Huidige Data	Valid	None
27-10-2023 14:25:18.850	2	Normal	Goed	Huidige Data	Valid; Time Substituted	None
27-10-2023 9:49:42.424	2	Normal	Goed	Huidige Data	Valid	None
14-10-2023 14:25:19.125	1	Normal	Goed	Huidige Data	Valid; Time Substituted	None
14-10-2023 8:13:16.680	1	Normal	Goed	Huidige Data	Valid	None
14-10-2023 3:52:21.288	2	Normal	Goed	Huidige Data	Valid	None
4-10-2023 8:29:28.311	1	Normal	Goed	Huidige Data	Valid; Time Substituted	None
27-9-2023 14:25:19.178	1	Normal	Goed	Huidige Data	Valid; Time Substituted	None
27-9-2023 8:02:33.082	1	Normal	Goed	Huidige Data	Valid	None
27-9-2023 8:00:49.032	5	Normal	Goed	Huidige Data	Valid	None
26-9-2023 14:25:18.924	1	Normal	Goed	Huidige Data	Valid; Time Substituted	None
26-9-2023 14:08:04.804	1	Normal	Goed	Huidige Data	Valid	None
26-9-2023 13:55:29.554	5	Normal	Goed	Huidige Data	Valid	None
26-9-2023 13:53:29.604	4	Normal	Goed	Huidige Data	Valid	None
26-9-2023 13:53:28.054	3	Normal	Goed	Huidige Data	Valid	None
26-9-2023 13:45:42.854	1	Normal	Goed	Huidige Data	Valid	None
26-9-2023 13:45:27.954	2	Normal	Goed	Huidige Data	Valid	None
26-9-2023 13:44:47.754	4	Normal	Goed	Huidige Data	Valid	None
26-9-2023 13:44:39.554	3	Normal	Goed	Huidige Data	Valid	None
26-9-2023 13:43:38.404	1	Normal	Goed	Huidige Data	Valid	None
26-9-2023 13:06:02.554	5	Normal	Goed	Huidige Data	Valid	None
26-9-2023 13:04:02.654	4	Normal	Goed	Huidige Data	Valid	None
26-9-2023 12:57:47.004	3	Normal	Goed	Huidige Data	Valid	None
14-9-2023 11:49:40.522	1	Normal	Goed	Huidige Data	Valid; Time Substituted	None
14-9-2023 11:36:49.136	1	Normal	Goed	Huidige Data	Valid; Time Substituted	None
2-9-2023 2:25:19.242	1	Normal	Goed	Huidige Data	Valid; Time Substituted	None
1-9-2023 14:29:46.061	1	Normal	Goed	Huidige Data	Valid	None
1-9-2023 14:28:23.311	5	Normal	Goed	Huidige Data	Valid	None
1-9-2023 14:26:23.261	4	Normal	Goed	Huidige Data	Valid	None
1-9-2023 14:25:17.811	3	Normal	Goed	Huidige Data	Valid	None
2-8-2023 13:20:28.329	1	Normal	Goed	Huidige Data	Valid; Time Substituted	None
25-7-2023 6:47:08.756	1	Normal	Goed	Huidige Data	Valid; Time Substituted	None
25-7-2023 6:40:56.420	1	Normal	Goed	Huidige Data	Valid; Time Substituted	None
18-7-2023 14:25:19.245	1	Normal	Goed	Huidige Data	Valid; Time Substituted	None
18-7-2023 10:34:09.130	1	Normal	Goed	Huidige Data	Valid	None
18-7-2023 10:24:44.580	5	Normal	Goed	Huidige Data	Valid	None
28-6-2023 14:25:18.912	1	Normal	Goed	Huidige Data	Valid; Time Substituted	None
28-6-2023 12:04:11.944	1	Normal	Goed	Huidige Data	Valid	None
28-6-2023 10:55:00.694	5	Normal	Goed	Huidige Data	Valid	None
28-6-2023 10:53:00.594	4	Normal	Goed	Huidige Data	Valid	None
28-6-2023 10:49:00.344	3	Normal	Goed	Huidige Data	Valid	None
15-6-2023 23:09:08.260	1	Normal	Goed	Huidige Data	Valid; Time Substituted	None
15-6-2023 14:36:17.468	1	Normal	Goed	Huidige Data	Valid	None
15-6-2023 14:25:18.901	5	Normal	Goed	Huidige Data	Valid; Time Substituted	None
15-6-2023 14:08:49.725	5	Normal	Goed	Huidige Data	Valid	None
15-6-2023 14:06:50.075	4	Normal	Goed	Huidige Data	Valid	None
15-6-2023 14:06:35.075	3	Normal	Goed	Huidige Data	Valid	None
25-5-2023 14:25:19.001	1	Normal	Goed	Huidige Data	Valid; Time Substituted	None
25-5-2023 10:53:22.280	1	Normal	Goed	Huidige Data	Valid	None
25-5-2023 10:45:54.380	2	Normal	Goed	Huidige Data	Valid	None
17-5-2023 14:25:19.314	1	Normal	Goed	Huidige Data	Valid; Time Substituted	None
17-5-2023 13:14:24.883	1	Normal	Goed	Huidige Data	Valid	None
17-5-2023 13:14:23.783	2	Normal	Goed	Huidige Data	Valid	None
17-5-2023 13:13:45.333	4	Normal	Goed	Huidige Data	Valid	None
17-5-2023 13:09:14.383	3	Normal	Goed	Huidige Data	Valid	None
17-5-2023 13:07:16.383	1	Normal	Goed	Huidige Data	Valid	None
17-5-2023 6:26:57.633	5	Normal	Goed	Huidige Data	Valid	None
2-5-2023 2:25:19.340	1	Normal	Goed	Huidige Data	Valid; Time Substituted	None
1-5-2023 14:54:46.468	1	Normal	Goed	Huidige Data	Valid	None
1-5-2023 14:52:29.718	2	Normal	Goed	Huidige Data	Valid	None
1-5-2023 14:25:19.288	1	Normal	Goed	Huidige Data	Valid; Time Substituted	None
1-5-2023 12:20:08.915	1	Normal	Goed	Huidige Data	Valid	None
1-5-2023 12:18:33.665	2	Normal	Goed	Huidige Data	Valid	None
1-5-2023 11:33:34.665	1	Normal	Goed	Huidige Data	Valid	None
1-5-2023 11:33:07.915	3	Normal	Goed	Huidige Data	Valid	None
22-4-2023 18:36:04.255	1	Normal	Goed	Huidige Data	Valid; Time Substituted	None
22-4-2023 18:04:19.796	1	Normal	Goed	Huidige Data	Valid; Time Substituted	None
26-3-2023 1:25:19.280	1	Normal	Goed	Huidige Data	Valid; Time Substituted	None
25-3-2023 15:50:18.382	1	Normal	Goed	Huidige Data	Valid	None
25-3-2023 14:39:26.432	2	Normal	Goed	Huidige Data	Valid	None
25-3-2023 13:25:19.277	1	Normal	Goed	Huidige Data	Valid; Time Substituted	None
25-3-2023 12:30:54.387	1	Normal	Goed	Huidige Data	Valid	None
25-3-2023 10:46:02.536	2	Normal	Goed	Huidige Data	Valid	None
25-3-2023 9:09:42.336	1	Normal	Goed	Huidige Data	Valid	None
25-3-2023 6:57:05.536	2	Normal	Goed	Huidige Data	Valid	None
25-3-2023 5:01:09.486	1	Normal	Goed	Huidige Data	Valid	None
25-3-2023 3:13:32.536	2	Normal	Goed	Huidige Data	Valid	None
25-3-2023 1:25:19.174	1	Normal	Goed	Huidige Data	Valid; Time Substituted	None
25-3-2023 1:14:47.296	1	Normal	Goed	Huidige Data	Valid	None
24-3-2023 23:36:16.446	2	Normal	Goed	Huidige Data	Valid	None
24-3-2023 21:26:08.776	1	Normal	Goed	Huidige Data	Valid	None
24-3-2023 19:31:19.726	2	Normal	Goed	Huidige Data	Valid	None
16-3-2023 1:25:19.024	1	Normal	Goed	Huidige Data	Valid; Time Substituted	None
15-3-2023 13:47:06.933	1	Normal	Goed	Huidige Data	Valid	None
15-3-2023 13:42:41.633	5	Normal	Goed	Huidige Data	Valid	None
13-3-2023 13:25:19.173	1	Normal	Goed	Huidige Data	Valid; Time Substituted	None
13-3-2023 8:32:15.923	1	Normal	Goed	Huidige Data	Valid	None
13-3-2023 1:25:19.077	2	Normal	Goed	Huidige Data	Valid; Time Substituted	None
12-3-2023 16:37:09.202	2	Normal	Goed	Huidige Data	Valid	None
11-3-2023 13:25:19.235	1	Normal	Goed	Huidige Data	Valid; Time Substituted	None
11-3-2023 6:02:46.638	1	Normal	Goed	Huidige Data	Valid	None
10-3-2023 1:25:18.978	2	Normal	Goed	Huidige Data	Valid; Time Substituted	None
9-3-2023 20:32:35.484	2	Normal	Goed	Huidige Data	Valid	None
6-3-2023 6:47:54.076	1	Normal	Goed	Huidige Data	Valid; Time Substituted	None
6-3-2023 6:40:04.140	1	Normal	Goed	Huidige Data	Valid; Time Substituted	None
15-2-2023 1:25:18.981	1	Normal	Goed	Huidige Data	Valid; Time Substituted	None
14-2-2023 21:34:06.763	1	Normal	Goed	Huidige Data	Valid	None
14-2-2023 19:45:59.763	2	Normal	Goed	Huidige Data	Valid	None
24-1-2023 6:54:52.043	1	Normal	Goed	Huidige Data	Valid; Time Substituted	None
24-1-2023 6:47:30.657	1	Normal	Goed	Huidige Data	Valid; Time Substituted	None
21-1-2023 8:45:53.078	1	Normal	Goed	Huidige Data	Valid; Time Substituted	None
21-1-2023 5:34:37.820	1	Normal	Goed	Huidige Data	Valid	None
21-1-2023 1:25:19.238	2	Normal	Goed	Huidige Data	Valid; Time Substituted	None
20-1-2023 19:28:10.056	2	Normal	Goed	Huidige Data	Valid	None
20-1-2023 15:28:26.006	1	Normal	Goed	Huidige Data	Valid	None
20-1-2023 14:23:35.863	2	Normal	Goed	Huidige Data	Valid	None
20-1-2023 14:07:52.363	1	Normal	Goed	Huidige Data	Valid	None
20-1-2023 1:25:19.168	2	Normal	Goed	Huidige Data	Valid; Time Substituted	None
19-1-2023 19:36:00.230	2	Normal	Goed	Huidige Data	Valid	None
19-1-2023 17:16:25.180	1	Normal	Goed	Huidige Data	Valid	None
19-1-2023 15:06:57.180	2	Normal	Goed	Huidige Data	Valid	None
19-1-2023 13:28:00.490	1	Normal	Goed	Huidige Data	Valid	None
18-1-2023 1:25:18.997	2	Normal	Goed	Huidige Data	Valid; Time Substituted	None
17-1-2023 15:10:29.154	2	Normal	Goed	Huidige Data	Valid	None
17-1-2023 15:00:15.054	1	Normal	Goed	Huidige Data	Valid	None
17-1-2023 1:25:19.038	2	Normal	Goed	Huidige Data	Valid; Time Substituted	None
16-1-2023 17:54:42.273	2	Normal	Goed	Huidige Data	Valid	None
16-1-2023 16:56:10.173	1	Normal	Goed	Huidige Data	Valid	None
16-1-2023 14:51:51.223	2	Normal	Goed	Huidige Data	Valid	None
16-1-2023 13:38:51.041	1	Normal	Goed	Huidige Data	Valid	None
16-1-2023 13:25:18.829	2	Normal	Goed	Huidige Data	Valid; Time Substituted	None
16-1-2023 11:12:51.804	2	Normal	Goed	Huidige Data	Valid	None
16-1-2023 7:48:34.754	1	Normal	Goed	Huidige Data	Valid	None
16-1-2023 7:47:31.804	2	Normal	Goed	Huidige Data	Valid	None
16-1-2023 7:43:53.904	1	Normal	Goed	Huidige Data	Valid	None
16-1-2023 7:42:55.804	2	Normal	Goed	Huidige Data	Valid	None
16-1-2023 7:37:55.804	1	Normal	Goed	Huidige Data	Valid	None
16-1-2023 7:36:22.754	2	Normal	Goed	Huidige Data	Valid	None
16-1-2023 1:25:18.933	1	Normal	Goed	Huidige Data	Valid; Time Substituted	None
15-1-2023 20:07:08.979	1	Normal	Goed	Huidige Data	Valid	None
15-1-2023 19:49:43.179	2	Normal	Goed	Huidige Data	Valid	None
15-1-2023 19:44:43.129	1	Normal	Goed	Huidige Data	Valid	None
15-1-2023 19:10:19.179	2	Normal	Goed	Huidige Data	Valid	None
15-1-2023 16:32:12.029	1	Normal	Goed	Huidige Data	Valid	None
15-1-2023 15:35:59.179	2	Normal	Goed	Huidige Data	Valid	None
15-1-2023 15:06:50.129	1	Normal	Goed	Huidige Data	Valid	None
15-1-2023 15:02:38.279	2	Normal	Goed	Huidige Data	Valid	None
15-1-2023 14:57:38.079	1	Normal	Goed	Huidige Data	Valid	None
15-1-2023 14:16:45.548	2	Normal	Goed	Huidige Data	Valid	None
15-1-2023 13:39:27.298	1	Normal	Goed	Huidige Data	Valid	None
15-1-2023 13:25:19.045	2	Normal	Goed	Huidige Data	Valid; Time Substituted	None
15-1-2023 13:16:16.548	2	Normal	Goed	Huidige Data	Valid	None
15-1-2023 8:20:52.625	1	Normal	Goed	Huidige Data	Valid	None
15-1-2023 8:12:00.475	2	Normal	Goed	Huidige Data	Valid	None
15-1-2023 7:52:03.725	1	Normal	Goed	Huidige Data	Valid	None
15-1-2023 7:50:43.525	2	Normal	Goed	Huidige Data	Valid	None
15-1-2023 7:45:43.225	1	Normal	Goed	Huidige Data	Valid	None
15-1-2023 7:44:37.475	2	Normal	Goed	Huidige Data	Valid	None
15-1-2023 7:29:15.825	1	Normal	Goed	Huidige Data	Valid	None
15-1-2023 4:37:21.475	2	Normal	Goed	Huidige Data	Valid	None
15-1-2023 4:22:04.476	1	Normal	Goed	Huidige Data	Valid	None
15-1-2023 4:20:45.525	2	Normal	Goed	Huidige Data	Valid	None
15-1-2023 4:05:29.475	1	Normal	Goed	Huidige Data	Valid	None
15-1-2023 4:04:28.475	2	Normal	Goed	Huidige Data	Valid	None
15-1-2023 3:59:28.475	1	Normal	Goed	Huidige Data	Valid	None
15-1-2023 1:25:19.122	2	Normal	Goed	Huidige Data	Valid; Time Substituted	None
14-1-2023 17:53:10.620	2	Normal	Goed	Huidige Data	Valid	None
14-1-2023 17:46:41.720	1	Normal	Goed	Huidige Data	Valid	None
14-1-2023 17:45:54.570	2	Normal	Goed	Huidige Data	Valid	None
14-1-2023 17:40:54.570	1	Normal	Goed	Huidige Data	Valid	None
14-1-2023 17:39:58.570	2	Normal	Goed	Huidige Data	Valid	None
14-1-2023 17:34:58.520	1	Normal	Goed	Huidige Data	Valid	None
14-1-2023 17:32:34.570	2	Normal	Goed	Huidige Data	Valid	None
14-1-2023 17:27:34.371	1	Normal	Goed	Huidige Data	Valid	None
14-1-2023 17:11:48.570	2	Normal	Goed	Huidige Data	Valid	None
14-1-2023 14:49:32.470	1	Normal	Goed	Huidige Data	Valid	None
14-1-2023 14:03:57.570	2	Normal	Goed	Huidige Data	Valid	None
14-1-2023 13:58:57.420	1	Normal	Goed	Huidige Data	Valid	None
14-1-2023 13:25:19.193	2	Normal	Goed	Huidige Data	Valid; Time Substituted	None
14-1-2023 13:16:07.570	2	Normal	Goed	Huidige Data	Valid	None
14-1-2023 13:11:10.678	1	Normal	Goed	Huidige Data	Valid	None
14-1-2023 12:56:46.778	2	Normal	Goed	Huidige Data	Valid	None
14-1-2023 12:51:46.729	1	Normal	Goed	Huidige Data	Valid	None
14-1-2023 12:18:47.778	2	Normal	Goed	Huidige Data	Valid	None
14-1-2023 11:38:55.578	1	Normal	Goed	Huidige Data	Valid	None
14-1-2023 11:27:42.778	2	Normal	Goed	Huidige Data	Valid	None
14-1-2023 11:22:42.628	1	Normal	Goed	Huidige Data	Valid	None
14-1-2023 10:51:07.828	2	Normal	Goed	Huidige Data	Valid	None
14-1-2023 10:02:54.678	1	Normal	Goed	Huidige Data	Valid	None
14-1-2023 9:54:21.778	2	Normal	Goed	Huidige Data	Valid	None
14-1-2023 9:49:21.528	1	Normal	Goed	Huidige Data	Valid	None
14-1-2023 9:20:36.778	2	Normal	Goed	Huidige Data	Valid	None
14-1-2023 8:30:34.678	1	Normal	Goed	Huidige Data	Valid	None
14-1-2023 8:09:09.828	2	Normal	Goed	Huidige Data	Valid	None
14-1-2023 8:04:09.528	1	Normal	Goed	Huidige Data	Valid	None
14-1-2023 7:26:17.778	2	Normal	Goed	Huidige Data	Valid	None
14-1-2023 1:25:18.829	1	Normal	Goed	Huidige Data	Valid; Time Substituted	None
14-1-2023 0:06:28.367	1	Normal	Goed	Huidige Data	Valid	None
14-1-2023 0:02:23.518	2	Normal	Goed	Huidige Data	Valid	None
13-1-2023 23:46:58.467	1	Normal	Goed	Huidige Data	Valid	None
13-1-2023 23:45:54.567	2	Normal	Goed	Huidige Data	Valid	None
13-1-2023 23:40:55.167	1	Normal	Goed	Huidige Data	Valid	None
13-1-2023 23:39:51.617	2	Normal	Goed	Huidige Data	Valid	None
13-1-2023 23:34:52.067	1	Normal	Goed	Huidige Data	Valid	None
13-1-2023 23:33:46.567	2	Normal	Goed	Huidige Data	Valid	None
13-1-2023 23:28:46.667	1	Normal	Goed	Huidige Data	Valid	None
13-1-2023 23:27:45.567	2	Normal	Goed	Huidige Data	Valid	None
13-1-2023 23:22:45.917	1	Normal	Goed	Huidige Data	Valid	None
13-1-2023 23:21:41.567	2	Normal	Goed	Huidige Data	Valid	None
13-1-2023 23:16:41.867	1	Normal	Goed	Huidige Data	Valid	None
13-1-2023 23:15:37.567	2	Normal	Goed	Huidige Data	Valid	None
13-1-2023 23:10:37.767	1	Normal	Goed	Huidige Data	Valid	None
13-1-2023 23:09:33.567	2	Normal	Goed	Huidige Data	Valid	None
13-1-2023 23:04:33.867	1	Normal	Goed	Huidige Data	Valid	None
13-1-2023 23:03:29.617	2	Normal	Goed	Huidige Data	Valid	None
13-1-2023 22:58:29.767	1	Normal	Goed	Huidige Data	Valid	None
13-1-2023 22:57:25.567	2	Normal	Goed	Huidige Data	Valid	None
13-1-2023 22:52:25.867	1	Normal	Goed	Huidige Data	Valid	None
13-1-2023 22:51:21.517	2	Normal	Goed	Huidige Data	Valid	None
13-1-2023 22:46:21.767	1	Normal	Goed	Huidige Data	Valid	None
13-1-2023 22:45:17.567	2	Normal	Goed	Huidige Data	Valid	None
13-1-2023 22:40:17.567	1	Normal	Goed	Huidige Data	Valid	None
13-1-2023 22:39:10.567	2	Normal	Goed	Huidige Data	Valid	None
13-1-2023 22:34:10.967	1	Normal	Goed	Huidige Data	Valid	None
13-1-2023 22:33:07.617	2	Normal	Goed	Huidige Data	Valid	None
13-1-2023 22:28:07.705	1	Normal	Goed	Huidige Data	Valid	None
13-1-2023 22:27:01.455	2	Normal	Goed	Huidige Data	Valid	None
13-1-2023 22:22:01.455	1	Normal	Goed	Huidige Data	Valid	None
13-1-2023 22:20:56.455	2	Normal	Goed	Huidige Data	Valid	None
13-1-2023 22:15:56.855	1	Normal	Goed	Huidige Data	Valid	None
13-1-2023 22:14:51.455	2	Normal	Goed	Huidige Data	Valid	None
13-1-2023 22:09:51.655	1	Normal	Goed	Huidige Data	Valid	None
13-1-2023 22:08:45.455	2	Normal	Goed	Huidige Data	Valid	None
13-1-2023 22:03:45.856	1	Normal	Goed	Huidige Data	Valid	None
13-1-2023 22:02:38.455	2	Normal	Goed	Huidige Data	Valid	None
13-1-2023 21:57:38.705	1	Normal	Goed	Huidige Data	Valid	None
13-1-2023 21:56:34.455	2	Normal	Goed	Huidige Data	Valid	None
13-1-2023 21:51:34.405	1	Normal	Goed	Huidige Data	Valid	None
13-1-2023 21:49:01.405	2	Normal	Goed	Huidige Data	Valid	None
13-1-2023 21:44:01.605	1	Normal	Goed	Huidige Data	Valid	None
13-1-2023 21:41:30.455	2	Normal	Goed	Huidige Data	Valid	None
13-1-2023 21:36:30.455	1	Normal	Goed	Huidige Data	Valid	None
13-1-2023 21:33:57.455	2	Normal	Goed	Huidige Data	Valid	None
13-1-2023 21:28:57.255	1	Normal	Goed	Huidige Data	Valid	None
13-1-2023 21:27:49.505	2	Normal	Goed	Huidige Data	Valid	None
13-1-2023 21:22:49.405	1	Normal	Goed	Huidige Data	Valid	None
13-1-2023 21:21:44.405	2	Normal	Goed	Huidige Data	Valid	None
13-1-2023 21:16:44.505	1	Normal	Goed	Huidige Data	Valid	None
13-1-2023 21:15:41.455	2	Normal	Goed	Huidige Data	Valid	None
13-1-2023 21:10:41.655	1	Normal	Goed	Huidige Data	Valid	None
13-1-2023 21:08:09.455	2	Normal	Goed	Huidige Data	Valid	None
13-1-2023 21:03:09.455	1	Normal	Goed	Huidige Data	Valid	None
13-1-2023 21:00:35.455	2	Normal	Goed	Huidige Data	Valid	None
13-1-2023 20:55:35.305	1	Normal	Goed	Huidige Data	Valid	None
13-1-2023 20:54:33.455	2	Normal	Goed	Huidige Data	Valid	None
13-1-2023 20:49:33.556	1	Normal	Goed	Huidige Data	Valid	None
13-1-2023 20:46:59.405	2	Normal	Goed	Huidige Data	Valid	None
13-1-2023 20:41:59.455	1	Normal	Goed	Huidige Data	Valid	None
13-1-2023 20:40:58.456	2	Normal	Goed	Huidige Data	Valid	None
13-1-2023 20:35:58.455	1	Normal	Goed	Huidige Data	Valid	None
13-1-2023 20:34:46.405	2	Normal	Goed	Huidige Data	Valid	None
13-1-2023 20:19:29.655	1	Normal	Goed	Huidige Data	Valid	None
13-1-2023 20:18:20.455	2	Normal	Goed	Huidige Data	Valid	None
13-1-2023 20:13:21.105	1	Normal	Goed	Huidige Data	Valid	None
13-1-2023 20:12:21.405	2	Normal	Goed	Huidige Data	Valid	None
13-1-2023 20:07:21.555	1	Normal	Goed	Huidige Data	Valid	None
13-1-2023 20:06:05.505	2	Normal	Goed	Huidige Data	Valid	None
13-1-2023 19:50:49.655	1	Normal	Goed	Huidige Data	Valid	None
13-1-2023 19:49:29.605	2	Normal	Goed	Huidige Data	Valid	None
13-1-2023 19:47:47.655	1	Normal	Goed	Huidige Data	Valid	None
13-1-2023 19:46:41.605	2	Normal	Goed	Huidige Data	Valid	None
13-1-2023 19:41:41.255	1	Normal	Goed	Huidige Data	Valid	None
13-1-2023 19:40:33.505	2	Normal	Goed	Huidige Data	Valid	None
13-1-2023 19:35:33.405	1	Normal	Goed	Huidige Data	Valid	None
13-1-2023 19:34:28.455	2	Normal	Goed	Huidige Data	Valid	None
13-1-2023 19:29:28.855	1	Normal	Goed	Huidige Data	Valid	None
13-1-2023 19:28:23.455	2	Normal	Goed	Huidige Data	Valid	None
13-1-2023 19:23:23.705	1	Normal	Goed	Huidige Data	Valid	None
13-1-2023 19:22:17.455	2	Normal	Goed	Huidige Data	Valid	None
13-1-2023 19:17:17.255	1	Normal	Goed	Huidige Data	Valid	None
13-1-2023 19:16:09.405	2	Normal	Goed	Huidige Data	Valid	None
13-1-2023 19:11:09.505	1	Normal	Goed	Huidige Data	Valid	None
13-1-2023 19:10:04.505	2	Normal	Goed	Huidige Data	Valid	None
13-1-2023 19:05:04.555	1	Normal	Goed	Huidige Data	Valid	None
13-1-2023 19:03:56.455	2	Normal	Goed	Huidige Data	Valid	None
13-1-2023 18:58:56.805	1	Normal	Goed	Huidige Data	Valid	None
13-1-2023 18:57:51.455	2	Normal	Goed	Huidige Data	Valid	None
13-1-2023 18:52:51.605	1	Normal	Goed	Huidige Data	Valid	None
13-1-2023 18:51:45.405	2	Normal	Goed	Huidige Data	Valid	None
13-1-2023 18:46:45.805	1	Normal	Goed	Huidige Data	Valid	None
13-1-2023 18:45:38.405	2	Normal	Goed	Huidige Data	Valid	None
13-1-2023 18:40:38.405	1	Normal	Goed	Huidige Data	Valid	None
13-1-2023 18:39:29.455	2	Normal	Goed	Huidige Data	Valid	None
13-1-2023 18:34:29.855	1	Normal	Goed	Huidige Data	Valid	None
13-1-2023 18:33:22.455	2	Normal	Goed	Huidige Data	Valid	None
13-1-2023 18:28:22.255	1	Normal	Goed	Huidige Data	Valid	None
13-1-2023 18:24:14.455	2	Normal	Goed	Huidige Data	Valid	None
13-1-2023 18:19:15.105	1	Normal	Goed	Huidige Data	Valid	None
13-1-2023 18:15:12.505	2	Normal	Goed	Huidige Data	Valid	None
13-1-2023 18:10:12.605	1	Normal	Goed	Huidige Data	Valid	None
13-1-2023 18:06:09.455	2	Normal	Goed	Huidige Data	Valid	None
13-1-2023 18:01:09.605	1	Normal	Goed	Huidige Data	Valid	None
13-1-2023 17:57:02.455	2	Normal	Goed	Huidige Data	Valid	None
13-1-2023 17:52:03.005	1	Normal	Goed	Huidige Data	Valid	None
13-1-2023 17:49:25.505	2	Normal	Goed	Huidige Data	Valid	None
13-1-2023 17:44:25.605	1	Normal	Goed	Huidige Data	Valid	None
13-1-2023 17:38:44.506	2	Normal	Goed	Huidige Data	Valid	None
13-1-2023 17:33:44.805	1	Normal	Goed	Huidige Data	Valid	None
13-1-2023 16:50:23.455	2	Normal	Goed	Huidige Data	Valid	None
13-1-2023 16:45:23.205	1	Normal	Goed	Huidige Data	Valid	None
13-1-2023 16:26:16.455	2	Normal	Goed	Huidige Data	Valid	None
13-1-2023 16:21:16.755	1	Normal	Goed	Huidige Data	Valid	None
13-1-2023 16:09:16.455	2	Normal	Goed	Huidige Data	Valid	None
13-1-2023 16:04:16.755	1	Normal	Goed	Huidige Data	Valid	None
13-1-2023 15:52:14.455	2	Normal	Goed	Huidige Data	Valid	None
13-1-2023 15:47:15.205	1	Normal	Goed	Huidige Data	Valid	None
13-1-2023 15:36:45.556	2	Normal	Goed	Huidige Data	Valid	None
13-1-2023 15:31:45.605	1	Normal	Goed	Huidige Data	Valid	None
13-1-2023 13:25:19.871	2	Normal	Goed	Huidige Data	Valid; Time Substituted	None
13-1-2023 7:17:38.889	2	Normal	Goed	Huidige Data	Valid	None
13-1-2023 5:23:50.439	1	Normal	Goed	Huidige Data	Valid	None
11-1-2023 13:25:19.192	2	Normal	Goed	Huidige Data	Valid; Time Substituted	None
11-1-2023 11:31:40.328	2	Normal	Goed	Huidige Data	Valid	None
2-1-2023 13:25:19.265	1	Normal	Goed	Huidige Data	Valid; Time Substituted	None
2-1-2023 9:13:36.286	1	Normal	Goed	Huidige Data	Valid	None
2-1-2023 8:53:20.486	2	Normal	Goed	Huidige Data	Valid	None
2-1-2023 8:17:43.786	1	Normal	Goed	Huidige Data	Valid	None
2-1-2023 1:25:18.929	2	Normal	Goed	Huidige Data	Valid; Time Substituted	None
1-1-2023 16:37:29.883	2	Normal	Goed	Huidige Data	Valid	None
1-1-2023 13:25:19.127	1	Normal	Goed	Huidige Data	Valid; Time Substituted	None
1-1-2023 6:11:56.668	1	Normal	Goed	Huidige Data	Valid	None
1-1-2023 1:25:18.964	2	Normal	Goed	Huidige Data	Valid; Time Substituted	None
31-12-2022 16:33:52.966	2	Normal	Goed	Huidige Data	Valid	None
31-12-2022 16:31:03.017	1	Normal	Goed	Huidige Data	Valid	None
31-12-2022 16:30:27.416	2	Normal	Goed	Huidige Data	Valid	None
31-12-2022 13:25:19.951	4	Normal	Goed	Huidige Data	Valid; Time Substituted	None
31-12-2022 12:05:54.756	4	Normal	Goed	Huidige Data	Valid	None
31-12-2022 12:05:47.656	3	Normal	Goed	Huidige Data	Valid	None
31-12-2022 12:05:29.756	4	Normal	Goed	Huidige Data	Valid	None
31-12-2022 2:47:12.356	2	Normal	Goed	Huidige Data	Valid	None
27-12-2022 6:54:06.633	1	Normal	Goed	Huidige Data	Valid; Time Substituted	None
27-12-2022 6:46:14.704	1	Normal	Goed	Huidige Data	Valid; Time Substituted	None
6-12-2022 14:49:56.351	1	Normal	Goed	Huidige Data	Valid; Time Substituted	None
6-12-2022 14:19:49.222	1	Normal	Goed	Huidige Data	Valid	None
6-12-2022 14:07:21.272	5	Normal	Goed	Huidige Data	Valid	None
6-12-2022 14:05:21.672	4	Normal	Goed	Huidige Data	Valid	None
6-12-2022 14:05:18.572	3	Normal	Goed	Huidige Data	Valid	None
6-12-2022 13:25:18.979	1	Normal	Goed	Huidige Data	Valid; Time Substituted	None
6-12-2022 10:09:25.768	1	Normal	Goed	Huidige Data	Valid	None
6-12-2022 10:08:00.368	2	Normal	Goed	Huidige Data	Valid	None
6-12-2022 1:25:19.339	1	Normal	Goed	Huidige Data	Valid; Time Substituted	None
5-12-2022 15:11:06.018	1	Normal	Goed	Huidige Data	Valid	None
5-12-2022 13:25:19.187	5	Normal	Goed	Huidige Data	Valid; Time Substituted	None
5-12-2022 6:52:28.000	5	Normal	Goed	Huidige Data	Valid	None
25-11-2022 15:58:52.204	1	Normal	Goed	Huidige Data	Valid; Time Substituted	None
23-11-2022 1:25:19.134	1	Normal	Goed	Huidige Data	Valid; Time Substituted	None
22-11-2022 19:56:24.503	1	Normal	Goed	Huidige Data	Valid	None
22-11-2022 15:57:22.103	2	Normal	Goed	Huidige Data	Valid	None
11-11-2022 1:25:18.851	1	Normal	Goed	Huidige Data	Valid; Time Substituted	None
10-11-2022 15:16:33.340	1	Normal	Goed	Huidige Data	Valid	None
10-11-2022 15:15:32.490	2	Normal	Goed	Huidige Data	Valid	None
8-11-2022 21:56:22.006	1	Normal	Goed	Huidige Data	Valid; Time Substituted	None
8-11-2022 21:36:22.655	1	Normal	Goed	Huidige Data	Valid; Time Substituted	None
8-11-2022 14:30:39.564	1	Normal	Goed	Huidige Data	Valid; Time Substituted	None
26-10-2022 15:28:08.943	1	Normal	Goed	Huidige Data	Valid; Time Substituted	None
26-10-2022 15:07:01.373	1	Normal	Goed	Huidige Data	Valid; Time Substituted	None
26-10-2022 14:03:30.042	1	Normal	Goed	Huidige Data	Valid; Time Substituted	None
26-10-2022 13:56:36.220	1	Normal	Goed	Huidige Data	Valid; Time Substituted	None
25-10-2022 14:25:37.990	1	Normal	Goed	Huidige Data	Valid; Time Substituted	None
25-10-2022 10:29:55.515	1	Normal	Goed	Huidige Data	Valid	None
25-10-2022 10:29:04.015	2	Normal	Goed	Huidige Data	Valid	None
14-10-2022 20:21:18.335	1	Normal	Goed	Huidige Data	Valid; Time Substituted	None
12-10-2022 13:07:34.193	1	Normal	Goed	Huidige Data	Valid; Time Substituted	None
12-10-2022 11:04:31.623	1	Normal	Goed	Huidige Data	Valid	None
12-10-2022 8:59:49.923	5	Normal	Goed	Huidige Data	Valid	None
12-10-2022 8:59:19.923	4	Normal	Goed	Huidige Data	Valid	None
12-10-2022 8:59:18.023	3	Normal	Goed	Huidige Data	Valid	None
11-10-2022 14:25:40.569	1	Normal	Goed	Huidige Data	Valid; Time Substituted	None
11-10-2022 13:36:26.162	1	Normal	Goed	Huidige Data	Valid	None
11-10-2022 13:18:08.863	5	Normal	Goed	Huidige Data	Valid	None
11-10-2022 13:16:54.762	2	Normal	Goed	Huidige Data	Valid	None
11-10-2022 2:25:37.583	1	Normal	Goed	Huidige Data	Valid; Time Substituted	None
10-10-2022 17:04:39.183	1	Normal	Goed	Huidige Data	Valid	None
10-10-2022 16:35:55.783	2	Normal	Goed	Huidige Data	Valid	None
6-10-2022 11:33:29.745	1	Normal	Goed	Huidige Data	Valid; Time Substituted	None
6-10-2022 11:07:54.747	1	Normal	Goed	Huidige Data	Valid; Time Substituted	None
5-10-2022 2:25:38.044	1	Normal	Goed	Huidige Data	Valid; Time Substituted	None
4-10-2022 16:01:39.808	1	Normal	Goed	Huidige Data	Valid	None
4-10-2022 16:00:11.608	2	Normal	Goed	Huidige Data	Valid	None
4-10-2022 15:59:15.308	1	Normal	Goed	Huidige Data	Valid	None
4-10-2022 15:57:19.708	2	Normal	Goed	Huidige Data	Valid	None
4-10-2022 15:56:59.808	1	Normal	Goed	Huidige Data	Valid	None
4-10-2022 15:49:30.208	2	Normal	Goed	Huidige Data	Valid	None
4-10-2022 15:23:38.503	1	Normal	Goed	Huidige Data	Valid; Time Substituted	None
4-10-2022 14:25:38.294	1	Normal	Goed	Huidige Data	Valid; Time Substituted	None
4-10-2022 13:58:29.365	1	Normal	Goed	Huidige Data	Valid	None
4-10-2022 13:58:15.565	5	Normal	Goed	Huidige Data	Valid	None
4-10-2022 13:57:31.365	1	Normal	Goed	Huidige Data	Valid	None
4-10-2022 13:56:55.265	5	Normal	Goed	Huidige Data	Valid	None
29-9-2022 14:25:36.494	1	Normal	Goed	Huidige Data	Valid; Time Substituted	None
29-9-2022 14:04:58.992	1	Normal	Goed	Huidige Data	Valid	None
29-9-2022 13:19:19.193	5	Normal	Goed	Huidige Data	Valid	None
28-9-2022 9:58:16.480	1	Normal	Goed	Huidige Data	Valid; Time Substituted	None
26-9-2022 10:04:11.504	1	Normal	Goed	Huidige Data	Valid; Time Substituted	None
23-9-2022 13:40:59.387	1	Normal	Goed	Huidige Data	Valid; Time Substituted	None
23-9-2022 13:39:44.558	1	Normal	Goed	Huidige Data	Valid; Time Substituted	None
22-9-2022 14:25:36.868	1	Normal	Goed	Huidige Data	Valid; Time Substituted	None
22-9-2022 11:22:12.305	1	Normal	Goed	Huidige Data	Valid	None
22-9-2022 11:21:04.604	2	Normal	Goed	Huidige Data	Valid	None
22-9-2022 11:07:35.204	1	Normal	Goed	Huidige Data	Valid	None
22-9-2022 11:07:19.604	2	Normal	Goed	Huidige Data	Valid	None
22-9-2022 11:05:44.904	4	Normal	Goed	Huidige Data	Valid	None
22-9-2022 11:05:36.604	3	Normal	Goed	Huidige Data	Valid	None
22-9-2022 11:05:25.404	5	Normal	Goed	Huidige Data	Valid	None
22-9-2022 11:05:07.504	3	Normal	Goed	Huidige Data	Valid	None
22-9-2022 11:04:48.204	5	Normal	Goed	Huidige Data	Valid	None
22-9-2022 11:04:23.104	3	Normal	Goed	Huidige Data	Valid	None
22-9-2022 11:04:06.504	1	Normal	Goed	Huidige Data	Valid	None
22-9-2022 11:04:03.404	2	Normal	Goed	Huidige Data	Valid	None
22-9-2022 11:02:21.505	4	Normal	Goed	Huidige Data	Valid	None
22-9-2022 10:58:49.904	3	Normal	Goed	Huidige Data	Valid	None
22-9-2022 10:57:30.904	4	Normal	Goed	Huidige Data	Valid	None
22-9-2022 9:34:04.913	3	Normal	Goed	Huidige Data	Valid; Time Substituted	None
22-9-2022 9:33:58.301	3	Normal	Goed	Huidige Data	Valid	None
22-9-2022 9:25:09.540	3	Normal	Goed	Huidige Data	Valid; Time Substituted	None
22-9-2022 9:24:26.100	3	Normal	Goed	Huidige Data	Valid	None
22-9-2022 9:18:17.941	3	Normal	Goed	Huidige Data	Valid; Time Substituted	None
22-9-2022 9:18:10.400	3	Normal	Goed	Huidige Data	Valid	None
22-9-2022 8:57:25.135	3	Normal	Goed	Huidige Data	Valid	None
22-9-2022 8:50:53.147	1	Normal	Goed	Huidige Data	Valid	None
22-9-2022 8:50:52.647	1	Normal	Goed	Huidige Data	Valid	None
22-9-2022 2:25:37.204	3	Normal	Goed	Huidige Data	Valid; Time Substituted	None
21-9-2022 15:55:04.296	3	Normal	Goed	Huidige Data	Valid; Time Substituted	None
21-9-2022 15:54:04.000	3	Normal	Goed	Huidige Data	Valid	None
21-9-2022 15:50:53.592	3	Normal	Goed	Huidige Data	Valid; Time Substituted	None
21-9-2022 15:50:46.301	3	Normal	Goed	Huidige Data	Valid	None
21-9-2022 15:44:28.714	3	Normal	Goed	Huidige Data	Valid	None
21-9-2022 15:43:00.214	1	Normal	Goed	Huidige Data	Valid	None
21-9-2022 15:42:59.014	1	Normal	Goed	Huidige Data	Valid	None
21-9-2022 14:41:18.500	3	Normal	Goed	Huidige Data	Valid	None
21-9-2022 14:25:36.942	3	Normal	Goed	Huidige Data	Valid; Time Substituted	None
21-9-2022 13:40:07.860	3	Normal	Goed	Huidige Data	Valid	None
21-9-2022 13:39:15.660	1	Normal	Goed	Huidige Data	Valid	None
21-9-2022 13:33:26.060	3	Normal	Goed	Huidige Data	Valid	None
21-9-2022 13:33:15.760	4	Normal	Goed	Huidige Data	Valid	None
21-9-2022 12:22:16.661	3	Normal	Goed	Huidige Data	Valid	None
21-9-2022 12:22:16.260	1	Normal	Goed	Huidige Data	Valid	None
21-9-2022 12:21:23.939	3	Normal	Goed	Huidige Data	Valid; Time Substituted	None
21-9-2022 12:21:16.701	3	Normal	Goed	Huidige Data	Valid	None
21-9-2022 8:22:17.705	3	Normal	Goed	Huidige Data	Valid	None
21-9-2022 8:19:44.805	5	Normal	Goed	Huidige Data	Valid	None
20-9-2022 14:25:37.018	3	Normal	Goed	Huidige Data	Valid; Time Substituted	None
20-9-2022 10:46:09.659	3	Normal	Goed	Huidige Data	Valid	None
20-9-2022 10:43:59.759	4	Normal	Goed	Huidige Data	Valid	None
20-9-2022 10:22:22.200	3	Normal	Goed	Huidige Data	Valid	None
19-9-2022 17:08:46.907	3	Normal	Goed	Huidige Data	Valid; Time Substituted	None
19-9-2022 15:25:01.183	3	Normal	Goed	Huidige Data	Valid	None
19-9-2022 15:24:23.283	1	Normal	Goed	Huidige Data	Valid	None
19-9-2022 15:23:56.983	3	Normal	Goed	Huidige Data	Valid	None
19-9-2022 15:10:54.983	5	Normal	Goed	Huidige Data	Valid	None
19-9-2022 14:59:53.383	1	Normal	Goed	Huidige Data	Valid	None
19-9-2022 14:51:10.983	5	Normal	Goed	Huidige Data	Valid	None
19-9-2022 14:25:37.430	1	Normal	Goed	Huidige Data	Valid; Time Substituted	None
19-9-2022 13:45:30.409	1	Normal	Goed	Huidige Data	Valid	None
19-9-2022 13:45:25.209	3	Normal	Goed	Huidige Data	Valid	None
19-9-2022 13:42:35.509	4	Normal	Goed	Huidige Data	Valid	None
19-9-2022 13:41:33.609	3	Normal	Goed	Huidige Data	Valid	None
19-9-2022 13:40:13.209	4	Normal	Goed	Huidige Data	Valid	None
19-9-2022 13:37:46.009	3	Normal	Goed	Huidige Data	Valid	None
19-9-2022 13:37:07.009	4	Normal	Goed	Huidige Data	Valid	None
19-9-2022 13:36:53.209	3	Normal	Goed	Huidige Data	Valid	None
19-9-2022 13:15:46.509	1	Normal	Goed	Huidige Data	Valid	None
19-9-2022 13:13:50.109	2	Normal	Goed	Huidige Data	Valid	None
19-9-2022 12:55:36.009	1	Normal	Goed	Huidige Data	Valid	None
19-9-2022 12:55:24.609	2	Normal	Goed	Huidige Data	Valid	None
19-9-2022 12:40:02.809	1	Normal	Goed	Huidige Data	Valid	None
19-9-2022 12:35:34.509	2	Normal	Goed	Huidige Data	Valid	None
19-9-2022 12:19:03.409	1	Normal	Goed	Huidige Data	Valid	None
19-9-2022 11:51:37.209	2	Normal	Goed	Huidige Data	Valid	None
19-9-2022 11:24:14.109	1	Normal	Goed	Huidige Data	Valid	None
19-9-2022 11:00:02.509	5	Normal	Goed	Huidige Data	Valid	None
19-9-2022 10:54:28.609	1	Normal	Goed	Huidige Data	Valid	None
19-9-2022 9:45:52.758	5	Normal	Goed	Huidige Data	Valid; Time Substituted	None
19-9-2022 9:45:44.701	5	Normal	Goed	Huidige Data	Valid	None
19-9-2022 9:00:11.285	5	Normal	Goed	Huidige Data	Valid	None
19-9-2022 8:55:44.485	2	Normal	Goed	Huidige Data	Valid	None
19-9-2022 8:55:20.485	1	Normal	Goed	Huidige Data	Valid	None
17-9-2022 2:25:36.836	5	Normal	Goed	Huidige Data	Valid; Time Substituted	None
16-9-2022 14:36:16.114	5	Normal	Goed	Huidige Data	Valid	None
16-9-2022 14:27:48.313	2	Normal	Goed	Huidige Data	Valid	None
16-9-2022 14:26:21.213	1	Normal	Goed	Huidige Data	Valid	None
16-9-2022 14:26:14.213	2	Normal	Goed	Huidige Data	Valid	None
16-9-2022 14:25:37.266	1	Normal	Goed	Huidige Data	Valid; Time Substituted	None
16-9-2022 14:25:32.413	1	Normal	Goed	Huidige Data	Valid	None
16-9-2022 14:23:29.513	1	Normal	Goed	Huidige Data	Valid	None
16-9-2022 13:47:03.338	2	Normal	Goed	Huidige Data	Valid; Time Substituted	None
16-9-2022 13:44:50.451	2	Normal	Goed	Huidige Data	Valid	None
16-9-2022 9:43:31.951	1	Normal	Goed	Huidige Data	Valid	None
16-9-2022 9:41:40.651	2	Normal	Goed	Huidige Data	Valid	None
16-9-2022 8:35:51.951	1	Normal	Goed	Huidige Data	Valid	None
15-9-2022 14:25:37.288	5	Normal	Goed	Huidige Data	Valid; Time Substituted	None
15-9-2022 14:06:43.196	5	Normal	Goed	Huidige Data	Valid; Time Substituted	None
15-9-2022 14:06:37.200	5	Normal	Goed	Huidige Data	Valid	None
15-9-2022 11:07:30.718	5	Normal	Goed	Huidige Data	Valid	None
15-9-2022 8:41:06.518	1	Normal	Goed	Huidige Data	Valid	None
13-9-2022 14:25:37.180	5	Normal	Goed	Huidige Data	Valid; Time Substituted	None
13-9-2022 10:46:54.556	5	Normal	Goed	Huidige Data	Valid	None
13-9-2022 7:38:32.255	1	Normal	Goed	Huidige Data	Valid	None
13-9-2022 2:25:36.927	5	Normal	Goed	Huidige Data	Valid; Time Substituted	None
12-9-2022 15:05:47.700	5	Normal	Goed	Huidige Data	Valid	None
12-9-2022 14:25:37.303	5	Normal	Goed	Huidige Data	Valid; Time Substituted	None
12-9-2022 13:31:30.205	5	Normal	Goed	Huidige Data	Valid; Time Substituted	None
12-9-2022 13:31:23.400	5	Normal	Goed	Huidige Data	Valid	None
12-9-2022 13:28:07.255	5	Normal	Goed	Huidige Data	Valid; Time Substituted	None
