Time;Waarde;Status;Kwaliteit;Reason;Status.1;Suppression Type
2025-09-23 08:15:38.196;3;Normal;Goed;Huidige Data;"Valid; Time Substituted";
2025-09-10 14:25:02.139;3;Normal;Goed;Huidige Data;"Valid; Time Substituted";
2025-09-10 11:09:48.025;3;Normal;Goed;Huidige Data;Valid;
2025-09-10 10:38:29.125;2;Normal;Goed;Huidige Data;Valid;
2025-09-09 14:25:02.474;3;Normal;Goed;Huidige Data;"Valid; Time Substituted";
2025-09-09 06:51:04.812;3;Normal;Goed;Huidige Data;Valid;
2025-09-09 06:50:18.712;35;Normal;Goed;Huidige Data;Valid;
2025-08-13 07:44:07.571;3;Normal;Goed;Huidige Data;"Valid; Time Substituted";
2025-08-13 07:28:04.178;3;Normal;Goed;Huidige Data;"Valid; Time Substituted";
2025-07-07 07:01:51.017;3;Normal;Goed;Huidige Data;"Valid; Time Substituted";
2025-07-07 06:46:58.044;3;Normal;Goed;Huidige Data;"Valid; Time Substituted";
2025-07-02 16:53:26.521;3;Normal;Goed;Huidige Data;"Valid; Time Substituted";
2025-07-02 14:51:20.604;3;Normal;Goed;Huidige Data;"Valid; Time Substituted";
2025-05-28 07:27:29.821;3;Normal;Goed;Huidige Data;"Valid; Time Substituted";
2025-05-28 07:13:57.728;3;Normal;Goed;Huidige Data;"Valid; Time Substituted";
2025-05-20 14:25:02.047;3;Normal;Goed;Huidige Data;"Valid; Time Substituted";
2025-05-20 10:39:13.153;3;Normal;Goed;Huidige Data;Valid;
2025-05-20 09:12:23.353;2;Normal;Goed;Huidige Data;Valid;
2025-04-15 14:25:02.469;3;Normal;Goed;Huidige Data;"Valid; Time Substituted";
2025-04-15 12:04:54.037;3;Normal;Goed;Huidige Data;Valid;
2025-04-15 11:45:00.637;2;Normal;Goed;Huidige Data;Valid;
2025-04-15 11:43:05.087;3;Normal;Goed;Huidige Data;Valid;
2025-04-15 11:36:06.937;2;Normal;Goed;Huidige Data;Valid;
2025-03-31 09:22:19.545;3;Normal;Goed;Huidige Data;"Valid; Time Substituted";
2025-03-31 09:08:36.309;3;Normal;Goed;Huidige Data;"Valid; Time Substituted";
2025-02-20 22:12:37.742;3;Normal;Goed;Huidige Data;"Valid; Time Substituted";
2025-02-20 18:55:31.968;3;Normal;Goed;Huidige Data;"Valid; Time Substituted";
2024-12-20 01:25:02.494;3;Normal;Goed;Huidige Data;"Valid; Time Substituted";
2024-12-19 13:43:52.659;3;Normal;Goed;Huidige Data;Valid;
2024-12-19 13:43:51.659;2;Normal;Goed;Huidige Data;Valid;
2024-12-16 08:49:25.694;3;Normal;Goed;Huidige Data;"Valid; Time Substituted";
2024-12-16 08:34:57.293;3;Normal;Goed;Huidige Data;"Valid; Time Substituted";
2024-12-06 13:25:02.348;3;Normal;Goed;Huidige Data;"Valid; Time Substituted";
2024-12-06 11:30:07.303;3;Normal;Goed;Huidige Data;Valid;
2024-12-06 09:59:07.303;2;Normal;Goed;Huidige Data;Valid;
2024-12-06 09:37:28.303;34;Normal;Goed;Huidige Data;Valid;
2024-12-06 07:59:08.003;35;Normal;Goed;Huidige Data;Valid;
2024-11-06 01:25:02.093;3;Normal;Goed;Huidige Data;"Valid; Time Substituted";
2024-11-05 14:19:21.436;3;Normal;Goed;Huidige Data;Valid;
2024-11-05 13:58:18.836;2;Normal;Goed;Huidige Data;Valid;
2024-10-23 14:25:02.378;3;Normal;Goed;Huidige Data;"Valid; Time Substituted";
2024-10-23 09:36:00.119;3;Normal;Goed;Huidige Data;Valid;
2024-10-23 08:23:54.719;1;Normal;Goed;Huidige Data;Valid;
2024-10-23 02:25:02.446;3;Normal;Goed;Huidige Data;"Valid; Time Substituted";
2024-10-22 16:00:49.420;3;Normal;Goed;Huidige Data;Valid;
2024-10-22 14:34:12.720;1;Normal;Goed;Huidige Data;Valid;
2024-10-21 09:12:06.627;3;Normal;Goed;Huidige Data;"Valid; Time Substituted";
2024-10-21 08:56:26.899;3;Normal;Goed;Huidige Data;"Valid; Time Substituted";
2024-10-10 02:25:02.246;3;Normal;Goed;Huidige Data;"Valid; Time Substituted";
2024-10-09 15:12:06.739;3;Normal;Goed;Huidige Data;Valid;
2024-10-09 15:09:37.189;2;Normal;Goed;Huidige Data;Valid;
2024-10-08 14:25:02.400;3;Normal;Goed;Huidige Data;"Valid; Time Substituted";
2024-10-08 09:20:53.198;3;Normal;Goed;Huidige Data;Valid;
2024-10-08 07:31:06.898;1;Normal;Goed;Huidige Data;Valid;
2024-10-02 14:25:02.069;3;Normal;Goed;Huidige Data;"Valid; Time Substituted";
2024-10-02 11:05:02.065;3;Normal;Goed;Huidige Data;Valid;
2024-10-02 07:42:55.365;1;Normal;Goed;Huidige Data;Valid;
2024-09-24 14:25:02.119;3;Normal;Goed;Huidige Data;"Valid; Time Substituted";
2024-09-24 10:25:08.063;3;Normal;Goed;Huidige Data;Valid;
2024-09-24 08:35:38.913;2;Normal;Goed;Huidige Data;Valid;
2024-09-05 07:36:51.038;3;Normal;Goed;Huidige Data;"Valid; Time Substituted";
2024-09-05 07:22:25.334;3;Normal;Goed;Huidige Data;"Valid; Time Substituted";
2024-07-15 07:40:54.020;3;Normal;Goed;Huidige Data;"Valid; Time Substituted";
2024-07-15 07:29:03.896;3;Normal;Goed;Huidige Data;"Valid; Time Substituted";
2024-06-18 18:33:07.832;3;Normal;Goed;Huidige Data;"Valid; Time Substituted";
2024-06-18 14:46:14.235;3;Normal;Goed;Huidige Data;"Valid; Time Substituted";
2024-06-18 14:23:16.373;3;Normal;Goed;Huidige Data;"Valid; Time Substituted";
2024-06-13 11:38:29.945;3;Normal;Goed;Huidige Data;"Valid; Time Substituted";
2024-06-13 11:24:09.845;3;Normal;Goed;Huidige Data;"Valid; Time Substituted";
2024-06-10 15:07:07.395;3;Normal;Goed;Huidige Data;"Valid; Time Substituted";
2024-06-10 13:30:15.426;3;Normal;Goed;Huidige Data;"Valid; Time Substituted";
2024-05-29 16:33:35.618;3;Normal;Goed;Huidige Data;"Valid; Time Substituted";
2024-05-21 10:21:43.142;3;Normal;Goed;Huidige Data;"Valid; Time Substituted";
2024-05-21 10:01:31.690;3;Normal;Goed;Huidige Data;"Valid; Time Substituted";
2024-05-17 02:25:02.479;3;Normal;Goed;Huidige Data;"Valid; Time Substituted";
2024-05-16 15:06:58.019;3;Normal;Goed;Huidige Data;Valid;
2024-05-16 14:25:02.379;2;Normal;Goed;Huidige Data;"Valid; Time Substituted";
2024-05-16 06:46:55.019;2;Normal;Goed;Huidige Data;Valid;
2024-04-29 09:56:32.971;3;Normal;Goed;Huidige Data;"Valid; Time Substituted";
2024-04-29 09:45:40.831;3;Normal;Goed;Huidige Data;"Valid; Time Substituted";
2024-04-09 14:25:02.101;3;Normal;Goed;Huidige Data;"Valid; Time Substituted";
2024-04-09 13:14:34.966;3;Normal;Goed;Huidige Data;Valid;
2024-04-09 12:00:13.916;2;Normal;Goed;Huidige Data;Valid;
2024-03-30 01:25:02.169;3;Normal;Goed;Huidige Data;"Valid; Time Substituted";
2024-03-29 13:26:34.010;3;Normal;Goed;Huidige Data;Valid;
2024-03-29 13:26:33.860;2;Normal;Goed;Huidige Data;Valid;
2024-03-29 13:26:32.710;3;Normal;Goed;Huidige Data;Valid;
2024-03-29 13:26:10.960;2;Normal;Goed;Huidige Data;Valid;
2024-03-12 01:25:02.058;3;Normal;Goed;Huidige Data;"Valid; Time Substituted";
2024-03-11 18:11:17.959;3;Normal;Goed;Huidige Data;Valid;
2024-03-11 18:11:17.909;3;Normal;Goed;Huidige Data;Valid;
2024-02-21 07:35:31.163;3;Normal;Goed;Huidige Data;"Valid; Time Substituted";
2024-02-21 07:22:26.551;3;Normal;Goed;Huidige Data;"Valid; Time Substituted";
2024-02-10 13:25:02.124;3;Normal;Goed;Huidige Data;"Valid; Time Substituted";
2024-02-10 09:01:12.767;3;Normal;Goed;Huidige Data;Valid;
2024-02-10 09:01:12.616;2;Normal;Goed;Huidige Data;Valid;
2024-02-10 09:00:26.910;0;Normal;Goed;Huidige Data;"Valid; Time Substituted";
2024-02-10 08:54:42.366;0;Normal;Goed;Huidige Data;Valid;
2024-02-10 08:54:42.316;0;Normal;Goed;Huidige Data;Valid;
2024-01-27 16:48:29.598;3;Normal;Goed;Huidige Data;"Valid; Time Substituted";
2024-01-24 13:25:02.037;3;Normal;Goed;Huidige Data;"Valid; Time Substituted";
2024-01-24 10:38:24.650;3;Normal;Goed;Huidige Data;Valid;
2024-01-15 11:27:18.746;3;Normal;Goed;Huidige Data;"Valid; Time Substituted";
2024-01-15 11:15:06.648;3;Normal;Goed;Huidige Data;"Valid; Time Substituted";
2024-01-11 11:25:45.874;3;Normal;Goed;Huidige Data;"Valid; Time Substituted";
2024-01-11 10:35:53.361;3;Normal;Goed;Huidige Data;"Valid; Time Substituted";
2023-12-27 11:00:54.364;3;Normal;Goed;Huidige Data;"Valid; Time Substituted";
2023-12-27 10:50:18.276;3;Normal;Goed;Huidige Data;"Valid; Time Substituted";
2023-12-26 15:41:28.135;3;Normal;Goed;Huidige Data;"Valid; Time Substituted";
2023-12-22 10:41:11.917;3;Normal;Goed;Huidige Data;"Valid; Time Substituted";
2023-12-21 13:25:02.640;3;Normal;Goed;Huidige Data;"Valid; Time Substituted";
2023-12-21 08:03:13.177;3;Normal;Goed;Huidige Data;Valid;
2023-12-21 08:02:04.827;35;Normal;Goed;Huidige Data;Valid;
2023-12-05 13:25:02.492;3;Normal;Goed;Huidige Data;"Valid; Time Substituted";
2023-12-05 11:27:37.228;3;Normal;Goed;Huidige Data;Valid;
2023-12-05 11:27:34.778;2;Normal;Goed;Huidige Data;Valid;
2023-12-05 11:27:33.578;3;Normal;Goed;Huidige Data;Valid;
2023-12-05 09:55:17.028;2;Normal;Goed;Huidige Data;Valid;
2023-12-05 09:05:22.328;0;Normal;Goed;Huidige Data;Valid;
2023-12-05 09:05:20.478;1;Normal;Goed;Huidige Data;Valid;
2023-12-04 09:25:35.001;3;Normal;Goed;Huidige Data;"Valid; Time Substituted";
2023-12-04 09:14:11.171;3;Normal;Goed;Huidige Data;"Valid; Time Substituted";
2023-11-16 01:25:02.645;3;Normal;Goed;Huidige Data;"Valid; Time Substituted";
2023-11-15 14:10:16.712;3;Normal;Goed;Huidige Data;Valid;
2023-11-15 14:10:16.662;3;Normal;Goed;Huidige Data;Valid;
2023-10-29 21:52:11.526;3;Normal;Goed;Huidige Data;"Valid; Time Substituted";
2023-10-17 14:25:02.571;3;Normal;Goed;Huidige Data;"Valid; Time Substituted";
2023-10-17 07:32:03.051;3;Normal;Goed;Huidige Data;Valid;
2023-10-17 07:29:46.451;35;Normal;Goed;Huidige Data;Valid;
2023-10-09 14:25:02.257;3;Normal;Goed;Huidige Data;"Valid; Time Substituted";
2023-10-09 09:47:06.892;3;Normal;Goed;Huidige Data;Valid;
2023-10-09 09:44:54.892;1;Normal;Goed;Huidige Data;Valid;
2023-10-09 09:38:15.043;3;Normal;Goed;Huidige Data;Valid;
2023-10-09 09:17:22.692;1;Normal;Goed;Huidige Data;Valid;
2023-10-04 08:29:11.706;3;Normal;Goed;Huidige Data;"Valid; Time Substituted";
2023-09-28 14:25:02.364;3;Normal;Goed;Huidige Data;"Valid; Time Substituted";
2023-09-28 06:45:50.226;3;Normal;Goed;Huidige Data;Valid;
2023-09-28 06:41:39.025;35;Normal;Goed;Huidige Data;Valid;
2023-09-28 02:25:02.343;3;Normal;Goed;Huidige Data;"Valid; Time Substituted";
2023-09-27 21:45:26.034;3;Normal;Goed;Huidige Data;Valid;
2023-09-27 21:44:48.584;35;Normal;Goed;Huidige Data;Valid;
2023-09-27 14:25:02.583;3;Normal;Goed;Huidige Data;"Valid; Time Substituted";
2023-09-27 08:02:33.232;3;Normal;Goed;Huidige Data;Valid;
2023-09-27 08:02:33.132;3;Normal;Goed;Huidige Data;Valid;
2023-09-27 08:00:48.882;0;Normal;Goed;Huidige Data;Valid;
2023-09-27 08:00:48.832;1;Normal;Goed;Huidige Data;Valid;
2023-09-26 14:25:02.318;3;Normal;Goed;Huidige Data;"Valid; Time Substituted";
2023-09-26 13:41:13.804;3;Normal;Goed;Huidige Data;Valid;
2023-09-26 12:42:18.704;2;Normal;Goed;Huidige Data;Valid;
2023-09-20 14:25:02.276;3;Normal;Goed;Huidige Data;"Valid; Time Substituted";
2023-09-20 06:16:02.400;3;Normal;Goed;Huidige Data;Valid;
2023-09-20 06:15:08.600;35;Normal;Goed;Huidige Data;Valid;
2023-09-14 11:49:20.865;3;Normal;Goed;Huidige Data;"Valid; Time Substituted";
2023-09-14 11:36:32.531;3;Normal;Goed;Huidige Data;"Valid; Time Substituted";
2023-09-02 02:25:02.637;3;Normal;Goed;Huidige Data;"Valid; Time Substituted";
2023-09-01 14:35:32.111;3;Normal;Goed;Huidige Data;Valid;
2023-09-01 14:25:14.211;2;Normal;Goed;Huidige Data;Valid;
2023-08-02 13:20:11.719;3;Normal;Goed;Huidige Data;"Valid; Time Substituted";
2023-07-25 06:46:48.161;3;Normal;Goed;Huidige Data;"Valid; Time Substituted";
2023-07-25 06:40:34.920;3;Normal;Goed;Huidige Data;"Valid; Time Substituted";
2023-07-18 14:25:02.620;3;Normal;Goed;Huidige Data;"Valid; Time Substituted";
2023-07-18 10:34:09.080;3;Normal;Goed;Huidige Data;Valid;
2023-07-18 10:34:09.030;3;Normal;Goed;Huidige Data;Valid;
2023-07-18 10:24:44.480;0;Normal;Goed;Huidige Data;Valid;
2023-07-18 10:24:44.430;0;Normal;Goed;Huidige Data;Valid;
2023-06-28 14:25:02.302;3;Normal;Goed;Huidige Data;"Valid; Time Substituted";
2023-06-28 12:04:12.094;3;Normal;Goed;Huidige Data;Valid;
2023-06-28 10:53:14.744;2;Normal;Goed;Huidige Data;Valid;
2023-06-28 10:53:05.544;3;Normal;Goed;Huidige Data;Valid;
2023-06-28 10:49:01.744;2;Normal;Goed;Huidige Data;Valid;
2023-06-28 10:41:12.094;3;Normal;Goed;Huidige Data;Valid;
2023-06-28 10:38:56.444;2;Normal;Goed;Huidige Data;Valid;
2023-06-15 23:08:51.650;3;Normal;Goed;Huidige Data;"Valid; Time Substituted";
2023-06-15 14:36:17.618;3;Normal;Goed;Huidige Data;Valid;
2023-06-15 14:25:02.291;2;Normal;Goed;Huidige Data;"Valid; Time Substituted";
2023-06-15 14:06:34.025;2;Normal;Goed;Huidige Data;Valid;
2023-05-17 14:25:02.689;3;Normal;Goed;Huidige Data;"Valid; Time Substituted";
2023-05-17 13:14:01.783;3;Normal;Goed;Huidige Data;Valid;
2023-05-17 13:09:12.983;2;Normal;Goed;Huidige Data;Valid;
2023-05-17 13:07:16.633;3;Normal;Goed;Huidige Data;Valid;
2023-05-17 06:27:01.283;2;Normal;Goed;Huidige Data;Valid;
2023-05-01 14:25:02.663;3;Normal;Goed;Huidige Data;"Valid; Time Substituted";
2023-05-01 13:35:48.215;3;Normal;Goed;Huidige Data;Valid;
2023-05-01 13:33:22.115;1;Normal;Goed;Huidige Data;Valid;
2023-05-01 12:02:46.415;3;Normal;Goed;Huidige Data;Valid;
2023-05-01 12:02:31.766;2;Normal;Goed;Huidige Data;Valid;
2023-05-01 11:47:31.265;3;Normal;Goed;Huidige Data;Valid;
2023-05-01 11:45:46.415;1;Normal;Goed;Huidige Data;Valid;
2023-05-01 11:43:37.765;3;Normal;Goed;Huidige Data;Valid;
2023-05-01 11:42:43.266;2;Normal;Goed;Huidige Data;Valid;
2023-04-22 18:35:47.295;3;Normal;Goed;Huidige Data;"Valid; Time Substituted";
2023-04-22 18:04:01.858;3;Normal;Goed;Huidige Data;"Valid; Time Substituted";
2023-03-26 01:25:02.670;3;Normal;Goed;Huidige Data;"Valid; Time Substituted";
2023-03-25 21:32:07.882;3;Normal;Goed;Huidige Data;Valid;
2023-03-25 21:32:04.832;2;Normal;Goed;Huidige Data;Valid;
2023-03-25 21:28:50.082;3;Normal;Goed;Huidige Data;Valid;
2023-03-25 21:28:44.882;2;Normal;Goed;Huidige Data;Valid;
2023-03-16 01:25:02.399;3;Normal;Goed;Huidige Data;"Valid; Time Substituted";
2023-03-15 13:47:07.083;3;Normal;Goed;Huidige Data;Valid;
2023-03-15 13:42:57.483;2;Normal;Goed;Huidige Data;Valid;
2023-03-06 06:47:36.825;3;Normal;Goed;Huidige Data;"Valid; Time Substituted";
2023-03-06 06:39:46.874;3;Normal;Goed;Huidige Data;"Valid; Time Substituted";
2023-01-30 13:25:02.537;3;Normal;Goed;Huidige Data;"Valid; Time Substituted";
2023-01-30 07:00:52.695;3;Normal;Goed;Huidige Data;Valid;
2023-01-30 06:37:14.195;35;Normal;Goed;Huidige Data;Valid;
2023-01-26 23:19:19.485;3;Normal;Goed;Huidige Data;"Valid; Time Substituted";
2023-01-26 15:40:19.223;3;Normal;Goed;Huidige Data;Valid;
2023-01-26 15:39:31.023;1;Normal;Goed;Huidige Data;Valid;
2023-01-26 15:11:10.723;3;Normal;Goed;Huidige Data;Valid;
2023-01-26 15:06:01.124;1;Normal;Goed;Huidige Data;Valid;
2023-01-26 14:45:08.223;3;Normal;Goed;Huidige Data;Valid;
2023-01-26 14:39:23.473;1;Normal;Goed;Huidige Data;Valid;
2023-01-24 06:54:35.148;3;Normal;Goed;Huidige Data;"Valid; Time Substituted";
2023-01-24 06:47:13.888;3;Normal;Goed;Huidige Data;"Valid; Time Substituted";
2023-01-23 13:25:02.490;3;Normal;Goed;Huidige Data;"Valid; Time Substituted";
2023-01-23 09:32:18.603;3;Normal;Goed;Huidige Data;Valid;
2023-01-23 09:32:17.603;2;Normal;Goed;Huidige Data;Valid;
2023-01-23 07:16:04.403;3;Normal;Goed;Huidige Data;Valid;
2023-01-23 06:55:59.153;2;Normal;Goed;Huidige Data;Valid;
2023-01-23 01:25:02.621;3;Normal;Goed;Huidige Data;"Valid; Time Substituted";
2023-01-22 15:09:46.734;3;Normal;Goed;Huidige Data;Valid;
2023-01-22 15:02:50.034;2;Normal;Goed;Huidige Data;Valid;
2023-01-22 15:00:28.284;0;Normal;Goed;Huidige Data;Valid;
2023-01-22 14:59:15.484;1;Normal;Goed;Huidige Data;Valid;
2023-01-22 13:25:02.676;3;Normal;Goed;Huidige Data;"Valid; Time Substituted";
2023-01-22 08:33:03.676;3;Normal;Goed;Huidige Data;Valid;
2023-01-22 08:32:31.526;2;Normal;Goed;Huidige Data;Valid;
2023-01-21 08:45:36.481;3;Normal;Goed;Huidige Data;"Valid; Time Substituted";
2023-01-18 01:25:02.387;3;Normal;Goed;Huidige Data;"Valid; Time Substituted";
2023-01-17 15:33:51.454;3;Normal;Goed;Huidige Data;Valid;
2023-01-17 15:30:04.804;1;Normal;Goed;Huidige Data;Valid;
2023-01-13 13:25:03.246;3;Normal;Goed;Huidige Data;"Valid; Time Substituted";
2023-01-13 11:33:07.439;3;Normal;Goed;Huidige Data;Valid;
2023-01-13 11:29:13.039;1;Normal;Goed;Huidige Data;Valid;
2023-01-13 11:17:10.339;3;Normal;Goed;Huidige Data;Valid;
2023-01-13 01:25:02.562;1;Normal;Goed;Huidige Data;"Valid; Time Substituted";
2023-01-12 14:13:05.396;1;Normal;Goed;Huidige Data;Valid;
2023-01-02 13:25:02.640;3;Normal;Goed;Huidige Data;"Valid; Time Substituted";
2023-01-02 09:12:46.486;3;Normal;Goed;Huidige Data;Valid;
2023-01-02 09:08:28.786;1;Normal;Goed;Huidige Data;Valid;
2023-01-02 08:40:19.936;3;Normal;Goed;Huidige Data;Valid;
2023-01-02 08:23:13.036;1;Normal;Goed;Huidige Data;Valid;
2023-01-02 01:25:02.335;3;Normal;Goed;Huidige Data;"Valid; Time Substituted";
2023-01-01 15:26:52.733;3;Normal;Goed;Huidige Data;Valid;
2023-01-01 15:26:51.033;1;Normal;Goed;Huidige Data;Valid;
2023-01-01 15:26:45.933;3;Normal;Goed;Huidige Data;Valid;
2023-01-01 15:25:20.233;1;Normal;Goed;Huidige Data;Valid;
2023-01-01 15:24:38.633;3;Normal;Goed;Huidige Data;Valid;
2023-01-01 15:17:39.283;1;Normal;Goed;Huidige Data;Valid;
2023-01-01 15:17:13.033;3;Normal;Goed;Huidige Data;Valid;
2023-01-01 15:13:28.483;1;Normal;Goed;Huidige Data;Valid;
2023-01-01 13:25:02.518;3;Normal;Goed;Huidige Data;"Valid; Time Substituted";
2023-01-01 03:21:35.418;3;Normal;Goed;Huidige Data;Valid;
2023-01-01 01:25:02.354;1;Normal;Goed;Huidige Data;"Valid; Time Substituted";
2022-12-31 19:09:17.216;1;Normal;Goed;Huidige Data;Valid;
2022-12-31 19:08:52.366;33;Normal;Goed;Huidige Data;Valid;
2022-12-31 16:17:20.816;1;Normal;Goed;Huidige Data;Valid;
2022-12-31 13:40:44.893;0;Normal;Goed;Huidige Data;Valid;
2022-12-31 13:40:29.892;1;Normal;Goed;Huidige Data;Valid;
2022-12-31 13:40:27.042;0;Normal;Goed;Huidige Data;Valid;
2022-12-31 13:25:03.342;1;Normal;Goed;Huidige Data;"Valid; Time Substituted";
2022-12-31 13:23:38.242;1;Normal;Goed;Huidige Data;Valid;
2022-12-31 12:07:16.256;0;Normal;Goed;Huidige Data;Valid;
2022-12-31 12:05:29.556;2;Normal;Goed;Huidige Data;Valid;
2022-12-31 12:05:15.156;3;Normal;Goed;Huidige Data;Valid;
2022-12-31 12:05:12.956;2;Normal;Goed;Huidige Data;Valid;
2022-12-27 06:53:49.178;3;Normal;Goed;Huidige Data;"Valid; Time Substituted";
2022-12-27 06:45:58.108;3;Normal;Goed;Huidige Data;"Valid; Time Substituted";
2022-12-07 01:25:02.618;3;Normal;Goed;Huidige Data;"Valid; Time Substituted";
2022-12-06 14:48:36.800;3;Normal;Goed;Huidige Data;Valid;
2022-12-06 01:25:02.714;3;Normal;Goed;Huidige Data;"Valid; Time Substituted";
2022-12-05 15:11:06.268;3;Normal;Goed;Huidige Data;Valid;
2022-12-05 15:11:02.218;2;Normal;Goed;Huidige Data;Valid;
2022-12-05 15:10:27.568;34;Normal;Goed;Huidige Data;Valid;
2022-12-05 15:10:21.818;2;Normal;Goed;Huidige Data;Valid;
2022-12-05 15:10:16.168;34;Normal;Goed;Huidige Data;Valid;
2022-12-05 15:09:28.218;2;Normal;Goed;Huidige Data;Valid;
2022-12-05 15:09:20.918;34;Normal;Goed;Huidige Data;Valid;
2022-12-05 13:25:02.562;2;Normal;Goed;Huidige Data;"Valid; Time Substituted";
2022-12-05 06:52:28.050;2;Normal;Goed;Huidige Data;Valid;
2022-11-25 15:58:35.594;3;Normal;Goed;Huidige Data;"Valid; Time Substituted";
2022-11-11 01:25:02.226;3;Normal;Goed;Huidige Data;"Valid; Time Substituted";
2022-11-10 16:43:34.690;3;Normal;Goed;Huidige Data;Valid;
2022-11-10 16:43:01.690;1;Normal;Goed;Huidige Data;Valid;
2022-11-10 15:16:15.440;3;Normal;Goed;Huidige Data;Valid;
2022-11-10 15:16:15.390;3;Normal;Goed;Huidige Data;Valid;
2022-11-08 21:56:05.394;3;Normal;Goed;Huidige Data;"Valid; Time Substituted";
2022-11-08 21:36:05.387;3;Normal;Goed;Huidige Data;"Valid; Time Substituted";
2022-11-08 14:30:22.963;3;Normal;Goed;Huidige Data;"Valid; Time Substituted";
2022-11-02 01:25:02.352;3;Normal;Goed;Huidige Data;"Valid; Time Substituted";
2022-11-01 14:16:47.950;3;Normal;Goed;Huidige Data;Valid;
2022-10-31 13:25:02.323;3;Normal;Goed;Huidige Data;"Valid; Time Substituted";
2022-10-31 11:29:02.314;3;Normal;Goed;Huidige Data;Valid;
2022-10-31 11:19:05.014;0;Normal;Goed;Huidige Data;Valid;
2022-10-31 10:31:59.714;3;Normal;Goed;Huidige Data;Valid;
2022-10-31 10:31:32.714;1;Normal;Goed;Huidige Data;Valid;
2022-10-31 10:30:37.514;3;Normal;Goed;Huidige Data;Valid;
2022-10-31 10:30:28.514;1;Normal;Goed;Huidige Data;Valid;
2022-10-31 10:19:17.514;3;Normal;Goed;Huidige Data;Valid;
2022-10-31 10:18:29.565;1;Normal;Goed;Huidige Data;Valid;
2022-10-26 15:27:35.718;3;Normal;Goed;Huidige Data;"Valid; Time Substituted";
2022-10-26 15:06:28.154;3;Normal;Goed;Huidige Data;"Valid; Time Substituted";
2022-10-26 14:02:56.838;3;Normal;Goed;Huidige Data;"Valid; Time Substituted";
2022-10-26 13:56:03.017;3;Normal;Goed;Huidige Data;"Valid; Time Substituted";
2022-10-25 14:25:04.739;3;Normal;Goed;Huidige Data;"Valid; Time Substituted";
2022-10-25 10:29:37.715;3;Normal;Goed;Huidige Data;Valid;
2022-10-25 10:29:37.615;3;Normal;Goed;Huidige Data;Valid;
2022-10-14 20:20:45.116;3;Normal;Goed;Huidige Data;"Valid; Time Substituted";
2022-10-12 13:07:00.962;3;Normal;Goed;Huidige Data;"Valid; Time Substituted";
2022-10-12 11:04:31.923;3;Normal;Goed;Huidige Data;Valid;
2022-10-12 08:59:16.523;2;Normal;Goed;Huidige Data;Valid;
2022-10-11 14:25:06.606;3;Normal;Goed;Huidige Data;"Valid; Time Substituted";
2022-10-11 14:00:19.062;3;Normal;Goed;Huidige Data;Valid;
2022-10-11 13:58:53.962;1;Normal;Goed;Huidige Data;Valid;
2022-10-11 13:56:32.862;0;Normal;Goed;Huidige Data;Valid;
2022-10-11 13:55:33.162;32;Normal;Goed;Huidige Data;Valid;
2022-10-11 13:52:16.563;0;Normal;Goed;Huidige Data;Valid;
2022-10-11 13:40:29.962;1;Normal;Goed;Huidige Data;Valid;
2022-10-11 13:36:26.462;3;Normal;Goed;Huidige Data;Valid;
2022-10-11 13:18:08.962;2;Normal;Goed;Huidige Data;Valid;
2022-10-06 11:32:56.526;3;Normal;Goed;Huidige Data;"Valid; Time Substituted";
2022-10-06 11:07:21.526;3;Normal;Goed;Huidige Data;"Valid; Time Substituted";
2022-10-06 02:25:04.808;3;Normal;Goed;Huidige Data;"Valid; Time Substituted";
2022-10-05 15:06:45.924;3;Normal;Goed;Huidige Data;Valid;
2022-10-05 15:04:35.923;1;Normal;Goed;Huidige Data;Valid;
2022-10-05 14:59:45.923;3;Normal;Goed;Huidige Data;Valid;
2022-10-05 14:57:03.923;1;Normal;Goed;Huidige Data;Valid;
2022-10-05 14:25:04.480;3;Normal;Goed;Huidige Data;"Valid; Time Substituted";
2022-10-05 13:51:07.673;3;Normal;Goed;Huidige Data;Valid;
2022-10-05 13:51:01.373;35;Normal;Goed;Huidige Data;Valid;
2022-10-05 02:25:04.856;3;Normal;Goed;Huidige Data;"Valid; Time Substituted";
2022-10-04 16:02:06.708;3;Normal;Goed;Huidige Data;Valid;
2022-10-04 15:58:57.708;1;Normal;Goed;Huidige Data;Valid;
2022-10-04 15:58:57.608;0;Normal;Goed;Huidige Data;Valid;
2022-10-04 15:56:42.008;1;Normal;Goed;Huidige Data;Valid;
2022-10-04 15:56:41.908;0;Normal;Goed;Huidige Data;Valid;
2022-10-04 15:42:11.708;1;Normal;Goed;Huidige Data;Valid;
2022-10-04 15:27:16.708;3;Normal;Goed;Huidige Data;Valid;
2022-10-04 15:23:03.693;1;Normal;Goed;Huidige Data;"Valid; Time Substituted";
2022-10-04 15:07:53.509;1;Normal;Goed;Huidige Data;Valid;
2022-10-04 14:25:05.121;3;Normal;Goed;Huidige Data;"Valid; Time Substituted";
2022-10-04 07:37:38.265;3;Normal;Goed;Huidige Data;Valid;
2022-10-04 07:36:38.465;35;Normal;Goed;Huidige Data;Valid;
2022-09-29 14:25:05.292;3;Normal;Goed;Huidige Data;"Valid; Time Substituted";
2022-09-29 14:16:54.756;3;Normal;Goed;Huidige Data;Valid;
2022-09-29 14:16:52.956;2;Normal;Goed;Huidige Data;Valid;
2022-09-29 14:16:52.356;3;Normal;Goed;Huidige Data;Valid;
2022-09-29 14:16:49.656;2;Normal;Goed;Huidige Data;Valid;
2022-09-29 14:16:49.156;3;Normal;Goed;Huidige Data;Valid;
2022-09-29 14:16:46.956;2;Normal;Goed;Huidige Data;Valid;
2022-09-29 14:16:46.156;3;Normal;Goed;Huidige Data;Valid;
2022-09-29 14:16:31.356;2;Normal;Goed;Huidige Data;Valid;
2022-09-29 14:16:31.056;3;Normal;Goed;Huidige Data;Valid;
2022-09-29 14:16:10.956;2;Normal;Goed;Huidige Data;Valid;
2022-09-29 14:16:10.456;3;Normal;Goed;Huidige Data;Valid;
2022-09-29 14:13:27.392;2;Normal;Goed;Huidige Data;Valid;
2022-09-29 14:13:21.092;3;Normal;Goed;Huidige Data;Valid;
2022-09-29 14:13:20.792;2;Normal;Goed;Huidige Data;Valid;
2022-09-29 14:04:59.492;3;Normal;Goed;Huidige Data;Valid;
2022-09-29 14:04:59.292;2;Normal;Goed;Huidige Data;Valid;
2022-09-29 13:19:18.992;0;Normal;Goed;Huidige Data;Valid;
2022-09-29 13:19:18.892;0;Normal;Goed;Huidige Data;Valid;
2022-09-28 14:25:04.984;3;Normal;Goed;Huidige Data;"Valid; Time Substituted";
2022-09-28 13:37:10.001;3;Normal;Goed;Huidige Data;Valid;
2022-09-28 13:36:51.001;2;Normal;Goed;Huidige Data;Valid;
2022-09-28 09:57:45.255;3;Normal;Goed;Huidige Data;"Valid; Time Substituted";
2022-09-26 10:03:37.905;3;Normal;Goed;Huidige Data;"Valid; Time Substituted";
2022-09-23 13:40:26.580;3;Normal;Goed;Huidige Data;"Valid; Time Substituted";
2022-09-23 13:39:10.935;3;Normal;Goed;Huidige Data;"Valid; Time Substituted";
2022-09-22 14:25:04.466;3;Normal;Goed;Huidige Data;"Valid; Time Substituted";
2022-09-22 11:28:22.804;3;Normal;Goed;Huidige Data;Valid;
2022-09-22 11:26:32.904;0;Normal;Goed;Huidige Data;Valid;
2022-09-22 11:07:58.404;3;Normal;Goed;Huidige Data;Valid;
2022-09-22 10:56:24.004;1;Normal;Goed;Huidige Data;Valid;
2022-09-22 10:53:59.105;0;Normal;Goed;Huidige Data;Valid;
2022-09-22 10:53:49.004;1;Normal;Goed;Huidige Data;Valid;
2022-09-22 10:30:51.804;0;Normal;Goed;Huidige Data;Valid;
2022-09-22 09:33:47.000;2;Normal;Goed;Huidige Data;Valid;
2022-09-22 09:33:32.436;0;Normal;Goed;Huidige Data;"Valid; Time Substituted";
2022-09-22 09:24:37.062;2;Normal;Goed;Huidige Data;"Valid; Time Substituted";
2022-09-22 09:24:26.000;2;Normal;Goed;Huidige Data;Valid;
2022-09-22 09:17:45.083;0;Normal;Goed;Huidige Data;"Valid; Time Substituted";
2022-09-22 09:17:40.999;2;Normal;Goed;Huidige Data;Valid;
2022-09-22 08:57:25.735;2;Normal;Goed;Huidige Data;Valid;
2022-09-22 08:52:09.647;0;Normal;Goed;Huidige Data;"Valid; Time Substituted";
2022-09-22 08:50:51.047;0;Normal;Goed;Huidige Data;Valid;
2022-09-22 08:30:11.947;2;Normal;Goed;Huidige Data;Valid;
2022-09-22 02:25:04.799;0;Normal;Goed;Huidige Data;"Valid; Time Substituted";
2022-09-21 16:05:47.151;0;Normal;Goed;Huidige Data;Valid;
2022-09-21 16:05:32.951;2;Normal;Goed;Huidige Data;Valid;
2022-09-21 15:50:21.139;0;Normal;Goed;Huidige Data;"Valid; Time Substituted";
2022-09-21 15:46:54.714;0;Normal;Goed;Huidige Data;Valid;
2022-09-21 15:44:29.314;2;Normal;Goed;Huidige Data;Valid;
2022-09-21 15:42:58.614;0;Normal;Goed;Huidige Data;Valid;
2022-09-21 14:41:19.000;2;Normal;Goed;Huidige Data;Valid;
2022-09-21 14:25:04.513;2;Normal;Goed;Huidige Data;"Valid; Time Substituted";
2022-09-21 12:21:07.900;2;Normal;Goed;Huidige Data;Valid;
2022-09-21 12:20:51.509;0;Normal;Goed;Huidige Data;"Valid; Time Substituted";
2022-09-21 11:16:30.905;2;Normal;Goed;Huidige Data;Valid;
2022-09-19 17:08:14.487;0;Normal;Goed;Huidige Data;"Valid; Time Substituted";
2022-09-19 14:25:05.061;0;Normal;Goed;Huidige Data;"Valid; Time Substituted";
2022-09-19 14:02:53.210;0;Normal;Goed;Huidige Data;Valid;
2022-09-19 14:01:23.609;2;Normal;Goed;Huidige Data;Valid;
2022-09-15 14:06:10.377;0;Normal;Goed;Huidige Data;"Valid; Time Substituted";
2022-09-15 11:29:39.718;0;Normal;Goed;Huidige Data;Valid;
2022-09-15 11:29:10.718;32;Normal;Goed;Huidige Data;Valid;
2022-09-15 11:29:10.318;0;Normal;Goed;Huidige Data;Valid;
2022-09-15 11:29:08.818;32;Normal;Goed;Huidige Data;Valid;
2022-09-15 11:28:05.518;0;Normal;Goed;Huidige Data;Valid;
2022-09-15 11:28:05.418;32;Normal;Goed;Huidige Data;Valid;
2022-09-15 11:28:02.718;0;Normal;Goed;Huidige Data;Valid;
2022-09-15 11:28:02.618;32;Normal;Goed;Huidige Data;Valid;
2022-09-15 11:27:50.118;0;Normal;Goed;Huidige Data;Valid;
2022-09-15 11:27:50.018;32;Normal;Goed;Huidige Data;Valid;
2022-09-15 11:27:47.018;0;Normal;Goed;Huidige Data;Valid;
2022-09-15 11:27:46.919;32;Normal;Goed;Huidige Data;Valid;
2022-09-15 11:27:43.018;0;Normal;Goed;Huidige Data;Valid;
2022-09-15 11:27:42.918;32;Normal;Goed;Huidige Data;Valid;
2022-09-12 13:27:34.810;0;Normal;Goed;Huidige Data;"Valid; Time Substituted";
